Age,Gender,Weight (kg),Height (m),Max_BPM,Avg_BPM,Resting_BPM,Session_Duration (hours),Calories_Burned,Workout_Type,Fat_Percentage,Water_Intake (liters),Workout_Frequency (days/week),Experience_Level,BMI
38,Male,59.0,1.83,181,127,66,1.48,565,Strength,19.4,2.1,4,1,17.7
26,Female,85.1,1.61,194,108,69,1.71,644,Pilates,17.8,2.5,4,2,32.94
40,Female,93.6,1.72,179,133,52,0.95,470,Strength,26.5,1.7,5,1,31.61
34,Female,72.5,1.59,185,155,55,1.33,914,HIIT,21.4,3.3,4,1,28.83
29,Female,61.6,1.57,190,150,60,1.48,734,Cardio,28.2,1.7,4,2,25.08
18,Female,64.8,1.67,201,159,61,1.21,764,HIIT,17.6,0.5,3,2,23.27
36,Female,60.3,1.52,183,110,63,1.93,568,Strength,20.1,1.9,2,3,25.92
26,Female,61.7,1.69,193,137,57,1.61,737,Strength,23.7,2.4,5,2,21.54
42,Male,90.9,1.73,178,99,55,1.48,615,Pilates,13.2,2.1,2,3,30.53
25,Male,98.3,1.75,195,123,51,1.8,889,Strength,5.1,1.9,4,3,32.2
26,Female,68.8,1.61,194,173,56,1.85,1144,HIIT,19.4,2.1,5,2,26.62
42,Female,65.8,1.58,178,97,69,1.07,318,Pilates,24.9,2.6,4,1,26.45
18,Male,63.8,1.77,201,115,57,2.18,569,Pilates,23.5,4.1,3,3,20.31
25,Female,68.2,1.66,194,184,58,1.95,1040,HIIT,23.7,2.7,5,3,24.72
30,Male,50.2,1.67,189,139,64,1.31,432,Cardio,19.7,3.3,3,1,17.98
37,Male,69.8,1.75,184,80,68,1.13,216,Yoga,12.8,3.7,2,1,22.89
44,Male,119.3,1.71,175,77,65,1.25,472,Yoga,17.7,3.2,3,1,40.61
64,Female,88.3,1.74,156,113,45,1.4,836,Cardio,20.9,4.1,5,3,29.3
27,Female,63.0,1.65,193,164,70,1.32,609,HIIT,12.3,0.7,4,3,23.12
57,Female,57.7,1.63,163,122,69,1.71,621,Strength,15.3,1.9,5,3,21.58
24,Male,57.7,1.72,196,158,61,1.76,681,Cardio,12.5,1.0,5,3,19.62
43,Female,73.5,1.67,175,79,71,1.32,285,Yoga,22.9,3.3,3,1,26.21
44,Male,100.3,1.79,177,138,61,1.69,1269,Cardio,12.6,2.4,3,2,31.18
37,Female,68.6,1.66,182,139,60,1.27,703,HIIT,22.1,3.2,4,1,24.97
27,Female,73.3,1.58,192,136,79,0.92,411,Strength,21.5,2.5,3,1,29.35
52,Female,70.4,1.63,167,115,78,1.55,704,Strength,21.7,3.0,4,1,26.45
18,Male,98.0,1.75,201,83,66,1.2,349,Yoga,21.0,2.6,4,1,31.93
31,Male,74.2,1.84,187,94,77,0.53,95,Yoga,20.0,1.6,4,1,21.89
34,Male,99.2,1.8,187,128,71,1.77,1189,Cardio,16.2,4.0,4,3,30.68
18,Male,78.4,1.69,201,172,53,1.44,912,HIIT,11.0,2.0,2,1,27.42
65,Male,76.4,1.76,155,119,48,0.74,358,Cardio,6.6,3.7,3,1,24.65
37,Male,87.6,1.84,182,127,63,1.4,702,Cardio,13.4,3.2,4,2,25.9
30,Male,90.6,1.84,189,133,57,1.23,570,Strength,18.8,2.5,4,1,26.81
40,Male,71.0,1.7,181,88,62,1.57,376,Yoga,19.6,2.0,3,1,24.49
50,Female,59.4,1.58,169,121,75,2.01,679,Strength,20.0,3.0,3,3,23.76
32,Male,79.1,1.88,188,85,63,1.26,267,Yoga,16.6,0.5,2,3,22.38
53,Male,81.1,1.76,166,126,75,0.9,491,Cardio,9.8,2.4,4,1,26.21
41,Female,74.8,1.64,179,139,49,1.65,1105,HIIT,29.8,3.1,2,3,27.83
54,Female,74.7,1.69,165,120,45,1.48,606,Strength,18.8,2.7,4,2,26.16
37,Male,103.4,1.67,183,153,58,1.38,1021,Cardio,19.6,1.8,4,3,37.24
41,Male,96.0,1.67,178,133,54,1.56,829,Strength,28.1,3.6,3,2,34.44
18,Female,53.0,1.6,202,94,67,1.42,288,Yoga,20.5,3.7,5,1,20.82
38,Female,75.8,1.65,182,151,56,0.97,683,HIIT,22.1,2.7,5,2,27.97
38,Male,97.8,1.71,183,142,56,1.25,924,Cardio,15.9,2.7,4,2,33.42
34,Male,57.4,1.83,185,78,60,0.8,129,Yoga,17.5,3.0,5,1,17.21
40,Female,61.9,1.7,178,122,71,1.67,537,Strength,17.0,1.0,2,2,21.33
41,Male,78.6,1.82,179,154,66,1.67,1069,HIIT,15.6,3.3,3,3,23.73
29,Female,45.8,1.64,192,156,55,1.68,528,HIIT,16.3,2.8,3,3,17.11
64,Female,76.5,1.55,158,71,59,1.67,372,Yoga,25.4,2.1,3,2,31.65
37,Male,71.6,1.77,182,135,63,1.33,474,Strength,9.0,3.0,2,2,22.92
32,Male,78.0,1.71,188,164,59,1.48,1051,HIIT,18.7,2.4,3,1,26.61
49,Male,68.8,1.8,170,118,67,1.58,691,Strength,12.0,3.0,5,2,21.21
45,Female,92.1,1.6,175,87,51,1.0,262,Yoga,29.6,2.3,3,1,35.77
30,Female,71.1,1.68,189,174,61,1.74,1220,HIIT,20.5,1.8,5,3,25.14
18,Male,87.8,1.75,202,183,55,1.15,694,HIIT,19.3,2.0,2,2,28.56
24,Male,86.6,1.82,195,173,65,1.12,931,HIIT,14.2,2.4,4,2,25.99
32,Female,48.6,1.68,188,158,59,1.48,585,HIIT,19.8,2.1,2,2,17.28
25,Male,85.4,1.74,194,153,56,2.09,1211,Cardio,17.6,2.2,4,2,28.07
47,Male,94.5,1.83,172,101,53,1.38,549,Pilates,18.7,2.8,2,3,28.23
37,Female,54.9,1.59,182,120,62,1.12,428,Strength,12.9,3.5,4,3,21.66
19,Male,84.2,1.8,201,143,45,1.59,816,Strength,11.6,2.5,2,3,26.0
37,Female,51.2,1.66,182,132,60,1.2,401,Cardio,23.5,1.5,4,2,18.52
46,Female,52.2,1.71,173,120,67,1.65,580,Cardio,19.8,3.2,3,2,17.93
57,Male,105.9,1.69,163,117,72,1.51,980,Strength,13.1,2.3,4,3,37.26
38,Female,40.1,1.76,182,131,49,1.26,295,Strength,14.6,3.5,3,3,12.89
30,Female,63.2,1.7,189,155,55,1.3,576,Cardio,14.9,2.5,5,3,21.78
36,Male,58.7,1.8,185,80,68,0.73,104,Yoga,14.7,1.0,5,1,18.19
40,Male,90.0,1.86,179,149,58,1.56,1212,HIIT,19.0,2.8,6,3,26.13
18,Female,79.7,1.5,202,146,59,1.36,688,Cardio,25.2,3.1,3,2,35.24
19,Male,67.5,1.69,201,109,57,1.08,277,Pilates,27.1,2.2,5,1,23.73
18,Male,78.1,1.72,202,171,57,0.67,476,HIIT,24.3,2.6,3,1,26.32
51,Female,53.0,1.64,169,76,71,1.57,228,Yoga,18.6,1.8,2,1,19.75
45,Female,67.8,1.54,174,119,66,1.31,465,Strength,22.9,2.4,2,3,28.43
22,Female,59.3,1.58,198,180,62,1.45,794,HIIT,16.4,3.1,4,1,23.82
31,Male,72.3,1.74,189,172,53,2.39,1584,HIIT,17.1,2.9,5,3,23.75
30,Male,81.7,1.84,189,152,73,1.63,1131,HIIT,14.1,2.6,3,3,24.0
41,Male,50.0,1.67,178,97,58,1.52,327,Pilates,18.2,2.9,4,2,17.88
39,Male,77.8,1.62,181,82,60,0.62,150,Yoga,25.4,1.9,5,1,29.57
21,Female,51.9,1.58,199,135,52,1.15,396,Strength,23.5,3.1,5,2,20.71
28,Female,72.9,1.54,192,107,65,1.19,345,Pilates,31.9,1.8,2,1,30.9
19,Male,85.7,1.87,201,82,70,1.24,261,Yoga,21.6,3.1,4,3,24.54
25,Male,68.4,1.69,194,149,60,0.93,551,Cardio,20.7,2.7,4,1,24.03
43,Male,86.2,1.72,178,147,58,1.48,1200,HIIT,16.6,2.4,4,2,29.23
38,Male,91.6,1.71,181,91,58,1.68,696,Pilates,11.1,2.2,3,3,31.14
42,Male,58.6,1.76,177,100,47,1.23,368,Pilates,19.8,3.0,2,2,18.9
30,Male,95.7,1.84,189,151,67,1.59,1248,HIIT,18.8,1.6,3,1,28.13
22,Female,71.9,1.54,196,85,45,1.58,350,Yoga,19.3,2.5,4,1,30.42
46,Female,55.4,1.64,173,126,77,1.76,587,Cardio,17.9,2.7,5,1,20.58
30,Female,85.0,1.76,189,150,45,1.29,1058,HIIT,20.6,2.2,5,3,27.46
51,Female,62.0,1.55,170,108,49,0.84,329,Strength,25.1,4.3,3,2,25.91
45,Female,66.7,1.63,175,153,58,1.05,671,HIIT,21.3,1.7,3,1,25.12
28,Female,74.7,1.6,191,169,66,2.05,1292,HIIT,11.8,1.5,5,2,29.32
26,Female,79.3,1.65,194,128,48,1.53,799,Strength,19.3,2.8,5,3,29.06
43,Male,103.6,1.82,176,136,58,1.97,1304,Strength,21.3,2.6,2,2,31.33
18,Female,84.9,1.64,201,147,62,1.28,699,Strength,20.3,3.3,3,1,31.63
38,Male,95.1,1.85,181,139,54,1.16,1000,HIIT,21.6,3.2,2,1,27.76
26,Female,51.6,1.66,194,85,61,1.26,196,Yoga,24.1,2.4,5,1,18.74
25,Male,80.1,1.82,195,91,66,1.04,236,Yoga,22.4,1.8,3,1,24.2
33,Female,73.0,1.69,186,163,67,1.39,971,HIIT,13.9,3.0,6,2,25.5
18,Male,87.2,1.81,202,91,69,2.01,538,Yoga,12.9,2.4,6,2,26.6
40,Female,79.5,1.77,181,130,68,0.87,464,Cardio,16.5,3.1,3,1,25.5
18,Female,74.4,1.69,201,172,54,1.78,1320,HIIT,9.9,1.9,2,2,25.99
18,Male,88.8,1.78,202,96,52,1.45,389,Yoga,20.3,1.3,2,1,28.0
57,Female,55.8,1.7,161,128,60,1.19,641,HIIT,18.1,3.6,3,1,19.29
18,Female,76.8,1.64,202,109,59,1.7,466,Pilates,23.0,1.3,2,3,28.45
27,Male,94.9,1.69,193,118,56,1.2,546,Pilates,22.7,2.2,3,2,33.29
31,Female,70.4,1.56,189,124,72,1.78,848,Strength,22.9,3.1,3,3,28.81
22,Male,100.4,1.72,198,169,66,0.9,856,HIIT,27.9,2.7,3,1,33.96
33,Female,74.8,1.63,186,131,68,1.9,1159,Cardio,23.0,2.7,3,2,27.97
18,Male,61.8,1.74,201,130,55,1.34,494,Strength,16.4,3.2,4,2,20.48
32,Female,63.6,1.57,188,143,61,1.71,597,Strength,17.1,1.9,5,2,25.82
21,Male,93.1,1.79,198,169,64,1.76,1540,HIIT,12.1,2.9,5,2,28.98
30,Female,46.5,1.57,189,133,54,1.92,574,Strength,16.5,2.4,2,3,18.94
18,Female,78.5,1.59,202,152,60,1.59,783,Cardio,21.5,3.3,3,2,30.89
29,Female,58.3,1.73,190,131,45,1.79,652,Strength,23.7,1.9,5,3,19.55
42,Male,77.5,1.81,177,112,73,0.95,372,Strength,15.5,2.9,2,2,23.76
18,Female,61.9,1.69,201,162,61,1.51,781,HIIT,19.4,2.8,3,3,21.75
39,Male,65.0,1.79,179,165,74,1.07,598,HIIT,22.0,1.8,5,2,20.2
33,Female,49.4,1.54,186,130,50,1.42,497,Cardio,11.8,2.0,2,3,20.84
32,Female,50.9,1.58,188,152,64,0.93,475,HIIT,22.8,2.5,3,1,20.37
19,Female,78.2,1.6,200,181,70,1.17,853,HIIT,21.1,2.0,4,1,30.62
20,Female,54.2,1.68,200,115,69,0.99,233,Pilates,31.8,1.0,4,1,19.1
61,Male,91.7,1.74,159,109,60,2.07,1346,Cardio,17.9,2.8,2,1,30.18
39,Male,81.7,1.79,181,151,55,1.39,1033,HIIT,21.4,1.8,4,1,25.56
18,Male,76.5,1.78,202,174,70,1.24,866,HIIT,24.9,2.6,4,2,24.07
39,Female,49.9,1.6,180,97,51,1.06,210,Pilates,26.4,1.6,3,1,19.53
35,Female,89.5,1.76,185,153,56,0.93,687,HIIT,21.5,2.5,2,2,28.87
18,Male,62.4,1.71,202,155,67,1.71,862,HIIT,28.0,2.4,3,2,21.26
25,Male,93.3,1.83,195,135,53,1.86,1171,Cardio,5.0,2.5,5,3,27.72
29,Female,70.2,1.59,190,122,59,1.13,362,Strength,22.3,2.3,6,2,27.68
34,Male,88.3,1.63,185,158,48,1.04,848,HIIT,12.3,3.6,3,3,33.19
33,Female,43.6,1.64,187,97,63,1.37,201,Pilates,26.1,2.1,3,2,16.19
45,Male,110.0,1.82,175,77,60,1.24,349,Yoga,22.0,2.0,5,2,33.15
35,Female,51.0,1.56,185,134,63,1.41,355,Strength,18.5,3.0,5,2,20.91
36,Female,64.6,1.72,184,160,69,1.67,837,HIIT,17.8,3.2,3,2,21.72
31,Male,87.0,1.89,188,137,48,1.27,813,Cardio,19.5,2.3,2,2,24.47
26,Male,73.7,1.73,193,140,60,1.72,910,Cardio,18.6,2.8,6,2,24.65
18,Male,97.1,1.72,202,178,57,1.33,1179,HIIT,15.6,1.5,4,1,32.94
44,Female,65.9,1.6,176,121,60,1.29,481,Strength,22.9,3.2,4,2,25.7
22,Female,77.8,1.68,197,138,45,1.83,860,Strength,16.4,1.8,4,3,27.71
44,Male,84.7,1.74,177,131,56,1.21,645,Strength,25.2,2.8,3,3,28.09
35,Male,92.6,1.72,185,96,63,1.08,385,Pilates,18.0,3.1,5,1,31.29
20,Male,69.4,1.74,200,135,59,1.85,624,Strength,19.4,3.0,3,2,22.81
39,Male,77.4,1.74,180,149,61,1.64,1095,HIIT,16.9,1.9,5,2,25.49
32,Female,58.8,1.66,188,146,54,0.83,390,Cardio,25.0,2.2,3,2,21.36
50,Female,56.9,1.61,171,136,57,1.39,641,Cardio,14.5,2.2,3,2,21.97
32,Female,62.1,1.65,188,131,50,1.48,484,Strength,26.1,1.3,4,2,22.85
23,Male,64.1,1.83,196,158,58,0.91,553,HIIT,22.3,2.9,3,1,19.22
26,Male,77.0,1.87,194,144,62,1.85,868,Cardio,12.4,2.1,6,2,21.9
50,Female,59.4,1.59,168,124,72,2.01,844,Cardio,30.2,2.8,3,1,23.47
31,Female,69.6,1.59,189,139,57,1.63,731,Cardio,12.9,3.1,5,2,27.46
32,Male,71.6,1.74,187,146,52,1.04,472,Cardio,17.3,2.6,3,1,23.72
33,Male,89.6,1.67,186,96,54,1.13,419,Pilates,24.1,2.4,3,2,32.24
32,Female,70.1,1.76,189,166,45,1.42,915,HIIT,17.7,3.0,2,2,22.66
42,Female,40.0,1.65,178,127,55,1.58,381,Strength,16.2,3.2,3,2,14.66
43,Male,83.9,1.89,176,89,57,1.41,302,Yoga,19.4,2.3,4,2,23.49
29,Male,76.9,1.75,191,80,56,1.38,323,Yoga,8.3,2.8,2,2,25.16
41,Female,46.2,1.65,178,78,70,1.75,235,Yoga,24.0,3.1,5,3,16.99
45,Female,44.2,1.61,173,147,60,1.34,557,HIIT,10.2,3.2,5,1,17.01
31,Female,69.9,1.58,189,152,63,1.42,785,HIIT,27.7,2.7,5,2,27.9
51,Male,80.3,1.72,169,124,50,1.25,662,Cardio,26.0,2.2,6,2,27.07
26,Female,55.1,1.66,193,110,54,2.01,392,Pilates,17.2,2.4,4,3,20.0
37,Male,90.8,1.71,182,126,49,1.64,961,Strength,12.6,2.0,5,1,31.14
48,Male,99.2,1.89,172,141,60,1.65,1303,HIIT,15.0,2.7,5,3,27.64
52,Male,78.7,1.66,168,130,57,1.49,873,Cardio,19.0,1.7,5,1,28.43
37,Male,83.8,1.67,185,121,59,0.95,441,Strength,28.0,3.4,4,2,30.17
31,Female,73.1,1.69,189,132,55,1.29,568,Strength,18.6,3.3,5,3,25.67
49,Female,72.2,1.57,172,118,45,1.15,457,Strength,17.8,3.2,3,2,29.33
41,Female,44.9,1.64,178,147,56,0.94,277,Cardio,26.1,2.8,6,1,16.66
18,Male,80.8,1.77,201,169,62,1.35,969,HIIT,16.8,2.4,4,2,25.81
25,Male,106.6,1.75,194,83,58,1.48,539,Yoga,22.5,2.9,4,1,34.84
37,Female,59.8,1.53,182,146,58,1.5,604,Cardio,19.3,0.9,5,1,25.51
50,Male,69.8,1.77,168,109,65,1.89,760,Strength,15.6,1.9,3,3,22.21
18,Female,68.6,1.7,202,139,56,1.31,519,Strength,16.6,2.7,3,2,23.71
18,Male,62.2,1.79,201,151,59,1.44,553,Cardio,17.7,2.4,4,2,19.38
32,Female,69.9,1.66,187,139,55,1.82,773,Cardio,13.9,2.0,4,3,25.39
37,Male,106.7,1.71,182,153,67,1.62,1670,HIIT,28.0,1.9,4,1,36.6
34,Female,57.2,1.63,186,122,68,1.77,567,Strength,18.9,3.8,4,3,21.43
23,Female,64.5,1.59,197,135,64,1.1,416,Strength,19.5,2.0,4,1,25.4
27,Male,66.0,1.78,193,157,45,1.27,807,HIIT,18.2,2.4,5,2,20.94
57,Male,101.4,1.77,162,76,69,1.42,435,Yoga,21.6,2.0,4,2,32.44
53,Male,67.6,1.74,166,80,57,1.11,202,Yoga,16.6,1.1,5,1,22.35
36,Male,89.6,1.67,184,132,62,1.59,1027,Strength,15.9,3.6,3,1,32.1
45,Female,56.4,1.66,175,118,58,1.31,367,Strength,23.7,3.5,3,1,20.36
19,Male,90.0,1.63,200,170,59,1.82,1527,HIIT,16.2,2.2,5,3,33.67
49,Male,67.0,1.74,168,114,45,1.25,504,Strength,20.9,2.2,6,1,22.27
46,Male,84.6,1.73,173,156,51,2.13,1619,HIIT,20.6,2.5,2,3,28.16
25,Female,71.7,1.56,195,91,45,1.52,306,Yoga,11.3,1.0,3,3,29.54
22,Female,76.6,1.58,197,104,46,1.71,478,Pilates,9.3,3.7,3,3,30.86
50,Female,74.2,1.63,169,152,69,1.68,1117,HIIT,13.8,4.0,5,3,27.95
38,Female,61.3,1.68,181,94,45,1.31,281,Pilates,24.3,3.9,4,3,21.78
19,Female,68.8,1.6,200,157,67,1.47,602,Cardio,19.7,2.7,3,2,26.9
20,Female,62.3,1.59,199,79,73,0.76,140,Yoga,20.6,1.2,6,1,24.49
18,Female,75.4,1.49,202,156,45,1.47,812,HIIT,18.5,2.6,5,2,33.84
39,Female,62.9,1.65,180,158,58,0.5,249,HIIT,18.5,4.4,4,1,23.06
18,Male,95.4,1.64,202,88,46,1.61,509,Yoga,16.7,3.6,4,2,35.56
27,Male,70.1,1.79,192,155,68,1.3,709,HIIT,12.7,2.4,2,1,21.99
27,Male,53.9,1.58,193,109,54,1.29,303,Pilates,13.3,3.5,6,3,21.69
18,Female,69.7,1.59,202,88,63,1.19,254,Yoga,20.0,2.9,5,1,27.62
28,Male,60.9,1.74,192,137,56,1.56,605,Cardio,21.5,2.1,4,3,20.15
46,Male,65.7,1.69,175,80,57,1.11,209,Yoga,23.4,3.1,6,2,23.07
55,Female,81.0,1.57,164,66,61,1.67,413,Yoga,22.2,2.1,3,3,32.91
42,Male,56.7,1.86,178,117,56,1.25,390,Strength,21.4,3.9,5,1,16.39
36,Male,94.8,1.78,184,142,60,1.07,584,Cardio,13.5,3.2,2,2,29.9
35,Female,49.7,1.7,184,123,84,1.45,383,Strength,18.9,2.1,3,1,17.27
20,Female,77.4,1.56,200,156,70,1.21,653,Cardio,23.8,2.7,5,2,31.77
63,Female,76.6,1.63,154,106,54,1.06,478,Strength,19.8,1.8,2,1,28.95
31,Female,68.6,1.67,188,142,61,1.22,630,Cardio,15.3,3.3,5,2,24.65
25,Male,70.5,1.77,195,139,63,1.63,775,Strength,9.1,3.1,4,3,22.56
33,Male,93.1,1.79,186,144,74,1.54,774,Strength,27.6,3.0,3,1,29.01
41,Female,71.1,1.58,178,130,48,1.08,549,Strength,11.5,1.7,5,3,28.38
31,Female,52.9,1.64,189,136,70,1.29,420,Strength,18.3,2.2,3,2,19.77
57,Male,78.0,1.69,163,137,55,1.09,821,HIIT,29.5,1.6,3,1,27.29
18,Male,77.1,1.82,201,140,58,1.7,806,Strength,19.4,3.0,4,2,23.37
28,Male,71.2,1.67,192,88,63,1.28,272,Yoga,14.7,1.9,6,2,25.51
25,Female,85.9,1.69,194,139,67,1.28,640,Strength,25.1,1.9,4,2,30.03
58,Male,68.5,1.8,162,124,57,1.15,520,Cardio,29.4,3.5,2,2,21.09
34,Male,87.1,1.65,184,129,52,1.03,521,Strength,27.2,1.5,3,1,32.05
34,Male,115.9,1.86,185,108,63,0.68,301,Pilates,10.5,1.8,3,1,33.6
23,Female,86.8,1.53,196,91,64,1.4,310,Yoga,20.0,2.3,4,1,37.04
22,Male,88.8,1.73,198,174,49,1.5,1248,HIIT,15.1,2.6,3,1,29.71
28,Male,93.5,1.78,191,83,48,1.65,454,Yoga,25.8,2.6,3,3,29.45
47,Female,94.5,1.59,173,72,58,1.69,466,Yoga,23.7,2.8,4,2,37.48
36,Male,71.7,1.75,184,159,58,1.1,628,HIIT,23.1,1.8,4,2,23.52
18,Female,65.7,1.65,202,104,60,1.31,343,Pilates,19.4,2.3,4,2,24.05
21,Female,72.3,1.66,200,138,64,1.18,546,Strength,21.0,2.8,4,2,26.3
27,Male,85.1,1.76,192,140,55,1.4,766,Strength,15.6,2.6,4,3,27.53
23,Male,107.1,1.74,196,174,53,2.26,2267,HIIT,10.3,2.3,6,2,35.38
36,Female,59.5,1.56,185,162,52,1.43,801,HIIT,17.7,2.3,5,2,24.49
40,Female,77.0,1.62,179,123,55,1.43,675,Cardio,20.3,2.1,5,3,29.26
32,Female,67.2,1.58,187,156,49,1.32,866,HIIT,20.4,1.5,4,3,27.05
18,Male,77.0,1.77,202,116,55,1.57,462,Pilates,19.3,1.9,3,3,24.55
51,Male,57.1,1.84,168,112,62,1.16,461,Strength,13.2,2.6,5,2,16.81
25,Female,54.6,1.68,194,162,59,1.55,813,HIIT,16.7,2.3,2,2,19.39
33,Female,66.8,1.67,187,91,63,1.93,363,Yoga,15.8,3.2,3,2,23.84
62,Male,79.5,1.6,159,117,72,0.97,478,Cardio,19.4,1.3,3,1,30.88
18,Male,85.8,1.67,202,165,63,1.34,1070,HIIT,22.8,3.3,3,1,30.62
57,Female,52.3,1.74,162,87,69,1.42,332,Pilates,12.0,2.8,4,1,17.34
35,Female,67.6,1.65,184,154,75,1.23,746,HIIT,20.6,2.9,5,2,24.81
39,Male,79.8,1.82,182,131,63,1.84,941,Strength,16.2,3.3,4,3,24.12
63,Female,60.1,1.55,158,127,70,1.19,622,HIIT,27.5,3.4,5,1,25.08
43,Female,54.2,1.63,178,128,57,1.08,421,Cardio,22.3,2.9,5,2,20.5
42,Male,67.2,1.85,176,151,57,1.71,834,HIIT,20.4,3.7,5,2,19.64
46,Male,78.8,1.86,174,152,58,1.21,843,HIIT,22.0,2.8,3,2,22.76
25,Male,68.5,1.74,195,141,57,1.75,716,Strength,19.8,1.8,2,2,22.54
52,Female,63.6,1.54,168,117,51,1.13,438,Strength,26.4,2.7,4,1,26.87
23,Female,60.3,1.67,196,136,67,1.23,520,Cardio,27.0,2.2,6,1,21.63
22,Male,99.9,1.7,198,138,64,1.46,848,Cardio,33.2,1.9,3,1,34.66
39,Female,79.0,1.64,180,156,66,1.74,1076,HIIT,15.0,2.0,4,3,29.32
40,Male,78.7,1.7,181,125,48,1.05,467,Strength,16.1,1.7,5,1,27.27
55,Male,69.6,1.62,163,140,58,1.07,755,HIIT,21.6,2.3,2,3,26.4
37,Female,65.4,1.61,182,160,63,1.6,915,HIIT,12.9,2.6,4,3,25.11
20,Female,55.1,1.54,200,143,45,1.33,575,Cardio,18.4,3.4,4,3,23.3
57,Female,72.0,1.62,163,109,62,1.4,629,Strength,19.2,3.0,6,3,27.47
33,Female,80.3,1.55,186,136,69,1.35,573,Strength,28.3,2.7,3,2,33.42
29,Female,46.3,1.63,190,168,64,1.15,456,HIIT,18.2,2.1,2,2,17.52
30,Female,56.2,1.6,190,81,55,1.22,241,Yoga,15.2,2.9,3,1,21.88
44,Male,60.1,1.71,176,146,64,1.31,626,HIIT,18.9,2.4,4,2,20.47
29,Male,72.0,1.7,191,129,63,0.9,602,Cardio,15.9,2.9,6,1,24.93
28,Female,61.3,1.63,190,131,55,1.3,633,Cardio,23.0,1.8,3,3,23.02
58,Male,75.3,1.7,161,114,49,1.2,571,Strength,14.5,3.3,5,2,26.01
25,Male,73.2,1.75,195,138,56,1.27,611,Strength,17.2,1.0,4,2,23.88
28,Female,81.3,1.71,192,154,62,1.35,1103,HIIT,10.6,3.0,4,2,27.97
41,Female,48.5,1.57,180,144,58,1.54,687,HIIT,16.0,2.7,4,3,19.6
33,Female,75.9,1.61,186,153,47,1.86,1184,HIIT,25.6,2.6,5,2,29.11
34,Female,75.2,1.54,186,153,61,1.25,1017,HIIT,22.5,2.6,2,1,31.68
23,Female,62.1,1.46,196,147,65,1.71,529,Strength,21.9,1.4,5,2,29.11
35,Male,85.6,1.75,184,152,58,1.02,872,HIIT,25.0,3.0,3,1,28.02
21,Male,87.5,1.74,198,139,68,1.19,797,Cardio,15.9,2.8,4,3,28.75
25,Female,60.2,1.7,195,166,63,1.65,848,HIIT,13.2,1.9,2,2,20.82
42,Female,69.4,1.58,178,122,59,1.05,505,Cardio,25.3,2.5,5,2,27.7
18,Male,54.7,1.74,201,172,63,1.68,808,HIIT,16.7,3.3,4,2,18.09
38,Female,57.6,1.71,181,141,71,1.14,329,Strength,12.0,2.9,2,1,19.62
43,Male,86.9,1.76,179,98,71,1.15,476,Pilates,25.0,2.2,3,1,27.95
32,Female,64.5,1.67,186,158,72,1.43,854,HIIT,19.3,3.4,2,2,23.26
19,Male,80.7,1.73,201,157,63,1.26,951,HIIT,13.3,2.6,5,2,27.12
32,Female,44.7,1.54,189,139,45,0.78,212,Cardio,15.7,2.3,2,1,18.84
25,Male,90.3,1.85,193,145,45,2.66,1758,Cardio,13.0,3.0,3,3,26.52
31,Female,64.1,1.56,189,160,55,2.07,1197,HIIT,20.3,2.0,3,3,26.46
43,Male,50.0,1.78,176,115,76,1.61,454,Strength,20.3,0.5,5,2,15.83
40,Female,67.1,1.63,180,121,47,1.21,401,Strength,26.6,3.1,6,1,25.31
39,Female,52.7,1.67,181,120,57,1.68,492,Strength,25.1,2.1,4,3,18.84
48,Female,67.7,1.63,173,120,57,1.31,547,Strength,24.1,2.7,3,2,25.34
46,Male,63.4,1.74,172,124,45,1.46,643,Cardio,12.7,2.6,5,2,20.89
43,Female,56.1,1.68,175,96,49,1.85,433,Pilates,26.3,2.6,3,3,19.91
18,Female,77.8,1.68,202,179,58,1.0,720,HIIT,18.0,1.7,2,1,27.62
35,Female,58.9,1.49,185,86,60,1.71,303,Yoga,27.8,1.9,4,2,26.56
18,Female,54.2,1.73,201,150,64,1.09,431,Cardio,29.8,4.9,4,2,18.18
27,Female,72.9,1.66,192,133,57,1.43,793,Cardio,17.3,2.2,4,3,26.48
39,Female,67.0,1.65,179,115,68,0.93,379,Strength,21.0,2.0,4,1,24.56
42,Female,49.4,1.62,178,122,54,1.68,549,Cardio,16.3,2.7,4,3,18.89
33,Female,80.2,1.59,187,167,59,1.21,837,HIIT,23.5,1.8,4,1,31.6
18,Male,81.0,1.72,201,186,60,1.65,1246,HIIT,15.2,3.0,4,3,27.37
27,Female,53.7,1.61,191,161,60,1.35,623,HIIT,17.8,2.9,6,2,20.69
37,Male,76.0,1.75,183,142,72,1.82,927,Cardio,16.3,2.1,5,2,24.76
35,Male,89.8,1.74,184,79,68,1.28,355,Yoga,21.1,0.7,5,2,29.5
49,Male,70.2,1.75,171,83,58,2.22,579,Yoga,14.8,3.7,5,2,22.89
32,Male,71.6,1.79,187,132,47,1.22,691,Cardio,19.0,2.1,4,2,22.27
18,Female,58.7,1.66,202,141,53,1.09,377,Strength,21.3,1.9,5,2,21.24
28,Male,76.6,1.73,191,107,61,1.66,609,Pilates,10.1,2.4,3,2,25.71
36,Male,82.9,1.69,183,146,55,1.8,970,Cardio,17.6,2.2,5,1,29.09
43,Female,44.7,1.57,176,133,47,1.42,450,Cardio,20.4,3.3,3,3,18.13
60,Female,57.1,1.55,159,101,67,0.25,93,Strength,24.0,2.8,3,1,23.85
54,Male,58.4,1.78,166,74,72,1.45,216,Yoga,14.3,3.9,5,2,18.5
18,Female,88.2,1.63,202,155,60,1.28,731,Cardio,17.5,2.2,2,2,33.4
37,Female,93.3,1.62,181,130,74,0.55,338,Strength,25.0,2.8,3,1,35.65
39,Female,59.6,1.63,181,142,53,0.89,441,HIIT,24.1,3.3,5,1,22.47
28,Male,82.1,1.79,191,90,58,1.13,278,Yoga,28.2,2.3,3,1,25.71
40,Female,59.5,1.57,179,129,65,1.12,404,Strength,13.0,2.0,5,2,24.08
31,Male,83.1,1.79,187,123,76,0.45,238,Strength,20.7,2.6,6,2,25.99
24,Female,69.7,1.58,195,169,63,1.6,964,HIIT,13.4,1.5,3,2,27.91
24,Female,67.0,1.6,196,168,45,1.33,843,HIIT,21.5,2.2,4,2,26.21
46,Female,75.9,1.6,174,131,56,1.39,587,Cardio,20.6,3.4,4,2,29.52
42,Male,69.8,1.82,178,76,48,1.5,340,Yoga,18.9,3.0,3,1,21.12
20,Female,62.4,1.64,199,94,45,1.02,171,Yoga,11.2,2.4,4,3,23.11
40,Male,85.1,1.75,179,138,52,1.85,1254,HIIT,10.4,2.1,2,3,27.93
42,Male,82.5,1.84,177,130,59,0.82,441,Strength,24.2,2.9,2,1,24.36
28,Female,57.0,1.7,192,150,54,1.82,761,Cardio,18.3,2.0,3,3,19.71
18,Female,61.1,1.59,201,171,51,1.75,1023,HIIT,19.8,2.7,4,1,24.14
29,Male,98.1,1.78,190,165,57,1.05,862,HIIT,23.6,2.5,3,1,31.12
31,Female,60.2,1.65,188,142,67,1.75,548,Strength,17.0,2.7,3,2,22.01
24,Male,92.7,1.7,196,87,45,0.87,212,Yoga,23.0,2.5,5,1,31.96
18,Male,71.1,1.75,201,94,56,1.36,299,Yoga,16.2,2.0,3,2,23.23
28,Male,105.1,1.66,191,107,59,1.19,539,Pilates,25.2,3.3,5,1,37.97
24,Female,59.9,1.52,196,130,64,1.54,527,Strength,27.0,3.4,6,3,25.82
19,Male,82.1,1.75,201,167,70,1.15,777,HIIT,29.2,3.1,2,1,26.76
40,Female,70.3,1.64,179,102,69,1.07,277,Pilates,16.0,1.8,2,2,26.19
18,Male,71.7,1.75,201,158,59,1.73,801,Cardio,25.8,3.0,3,2,23.4
19,Female,65.0,1.64,201,135,64,1.44,425,Strength,24.0,3.7,3,2,24.25
54,Male,81.1,1.77,167,137,68,1.28,1032,HIIT,11.0,2.2,4,1,25.74
36,Female,61.0,1.69,184,153,63,1.33,760,HIIT,22.3,2.1,2,2,21.42
48,Female,45.5,1.59,172,116,67,1.47,405,Strength,11.6,4.1,4,2,18.02
56,Female,59.6,1.67,162,117,63,0.73,312,Cardio,19.0,1.5,6,1,21.27
34,Male,59.7,1.64,187,155,58,1.15,418,Cardio,19.2,2.7,4,1,22.26
30,Female,48.8,1.63,189,159,67,1.73,771,HIIT,17.4,2.9,5,3,18.45
44,Female,70.9,1.61,176,140,65,1.54,791,Cardio,25.6,1.5,3,2,27.23
37,Male,69.7,1.81,184,156,48,1.76,1086,HIIT,17.6,4.5,3,3,21.26
42,Male,73.2,1.75,178,123,65,0.93,433,Strength,24.0,2.1,5,2,23.86
45,Female,52.1,1.6,176,127,58,0.88,284,Strength,26.4,2.4,4,1,20.22
35,Female,45.2,1.64,185,147,47,1.05,405,HIIT,32.3,2.7,3,1,16.84
36,Female,56.7,1.61,183,126,55,1.56,576,Strength,26.4,2.3,5,1,21.91
20,Male,54.1,1.81,199,89,49,1.29,216,Yoga,16.0,2.6,3,2,16.5
47,Female,63.4,1.64,172,72,52,1.32,223,Yoga,24.9,2.9,4,1,23.52
42,Male,89.3,1.71,176,127,51,1.84,1100,Strength,13.8,3.5,2,3,30.55
42,Male,80.4,1.74,178,132,69,1.27,772,Cardio,15.6,2.9,3,2,26.65
40,Male,85.5,1.68,180,126,62,1.66,940,Cardio,18.8,2.8,2,2,30.29
43,Female,64.1,1.66,176,140,45,1.52,1023,HIIT,26.7,3.5,3,3,23.19
35,Female,70.9,1.53,185,105,65,1.82,479,Pilates,31.3,2.6,6,1,30.44
32,Female,65.5,1.6,189,155,65,0.66,433,HIIT,10.1,3.4,4,3,25.48
46,Male,76.7,1.76,173,145,63,1.49,995,HIIT,17.1,3.5,4,1,24.64
36,Male,82.7,1.79,184,126,65,1.52,795,Strength,23.5,2.5,4,2,25.81
49,Female,54.6,1.64,170,128,62,1.15,339,Strength,18.2,2.6,4,1,20.22
27,Female,98.8,1.64,193,85,45,2.2,717,Yoga,17.2,2.2,4,3,36.61
32,Female,63.4,1.64,187,142,59,1.03,631,HIIT,19.4,2.4,3,1,23.62
24,Female,52.5,1.66,196,146,64,1.23,401,Strength,21.9,3.1,5,2,19.03
18,Male,78.7,1.55,202,92,63,1.61,415,Yoga,16.2,3.1,4,3,32.74
26,Female,75.1,1.63,193,168,50,0.9,583,HIIT,22.8,2.5,3,1,28.39
26,Male,82.1,1.75,193,130,53,2.27,1196,Strength,7.1,2.5,4,3,26.82
23,Male,84.1,1.84,196,159,51,1.24,1076,HIIT,20.1,2.4,5,3,24.79
26,Female,75.7,1.63,193,150,53,1.67,925,Cardio,14.2,2.2,6,1,28.68
37,Male,65.6,1.65,182,82,45,1.85,430,Yoga,19.9,2.5,3,3,24.09
46,Male,100.7,1.76,172,138,64,0.72,673,HIIT,18.3,3.8,2,1,32.46
18,Female,74.7,1.68,202,107,55,1.37,420,Pilates,21.3,2.8,5,1,26.59
50,Female,80.5,1.64,169,156,66,0.59,441,HIIT,26.2,2.6,4,1,29.93
54,Male,76.2,1.76,167,146,51,1.22,769,HIIT,16.6,3.0,2,2,24.59
34,Female,70.1,1.68,186,101,60,1.59,489,Pilates,22.1,2.8,4,2,24.73
32,Female,75.3,1.58,188,162,61,1.16,828,HIIT,13.6,2.6,4,1,30.14
18,Male,87.8,1.78,201,134,53,1.49,834,Strength,14.2,4.4,5,2,27.67
19,Female,40.9,1.58,201,93,60,1.26,172,Yoga,32.6,2.4,2,1,16.27
57,Male,95.1,1.8,163,139,62,0.83,615,HIIT,14.4,2.5,4,1,29.24
54,Male,60.5,1.7,165,128,55,1.23,471,Cardio,15.7,2.9,5,1,21.05
18,Male,98.9,1.66,202,89,53,1.64,476,Yoga,11.9,3.2,3,3,36.07
42,Male,73.3,1.8,180,130,53,0.82,383,Strength,14.1,2.2,3,2,22.7
22,Female,72.7,1.58,198,147,45,1.91,925,Strength,17.0,2.6,3,3,29.08
24,Female,46.5,1.62,196,84,60,1.21,159,Yoga,14.6,2.5,3,1,17.74
18,Female,63.5,1.56,202,139,59,1.31,505,Strength,27.2,2.8,4,1,26.16
41,Male,76.3,1.86,179,116,60,1.72,776,Strength,16.8,3.9,4,2,22.1
21,Male,98.9,1.79,199,155,55,1.74,1204,Cardio,21.7,2.4,6,2,30.97
43,Female,60.4,1.66,178,121,65,1.37,574,Cardio,12.5,2.7,3,3,21.88
30,Male,60.6,1.67,189,164,58,1.77,815,HIIT,22.8,2.5,5,2,21.66
33,Female,41.7,1.7,186,131,59,2.09,526,Strength,16.4,2.8,3,3,14.38
38,Male,107.6,1.76,182,79,74,0.82,298,Yoga,23.1,2.4,3,1,34.92
22,Male,94.8,1.83,198,143,62,1.19,739,Cardio,13.3,1.6,4,1,28.32
40,Female,50.8,1.46,179,138,63,1.54,493,Cardio,19.7,3.1,2,2,23.9
42,Male,83.7,1.78,178,79,68,1.36,316,Yoga,17.5,3.7,4,2,26.47
32,Female,40.0,1.56,187,98,65,1.4,183,Pilates,20.4,3.4,3,2,16.46
35,Male,78.8,1.8,184,157,56,1.8,1376,HIIT,15.6,2.4,5,2,24.37
42,Female,73.2,1.7,178,133,54,1.88,915,Cardio,14.3,2.7,3,3,25.4
51,Female,58.5,1.45,169,143,62,1.68,921,HIIT,13.5,3.1,3,1,27.85
37,Female,62.2,1.64,182,149,52,1.64,705,Cardio,11.7,2.1,4,3,23.26
26,Female,56.8,1.62,193,141,73,1.15,475,Cardio,17.3,1.9,2,1,21.73
30,Female,59.3,1.62,189,138,54,1.57,725,Cardio,20.1,2.6,3,2,22.49
36,Female,67.6,1.63,184,135,60,1.07,416,Strength,25.6,2.4,4,1,25.35
25,Male,99.4,1.64,195,152,65,1.07,927,HIIT,15.0,2.2,5,2,37.01
31,Female,79.8,1.68,188,154,55,0.98,782,HIIT,11.3,1.3,3,1,28.4
51,Female,53.4,1.62,170,130,45,1.41,515,Cardio,22.4,2.1,5,3,20.34
29,Male,91.3,1.76,191,163,69,1.21,963,HIIT,15.6,1.7,5,2,29.55
23,Male,78.0,1.78,197,166,61,1.26,732,HIIT,27.0,1.8,2,1,24.67
44,Female,65.7,1.68,176,86,61,1.73,430,Pilates,26.9,2.7,5,2,23.18
35,Female,67.7,1.54,186,155,65,1.73,1253,HIIT,19.3,2.2,6,2,28.38
18,Female,66.9,1.68,202,151,68,0.98,370,Strength,22.1,3.5,3,1,23.63
22,Male,83.3,1.79,198,147,59,1.66,832,Strength,16.1,3.3,2,2,25.96
36,Female,57.1,1.56,183,78,59,1.32,231,Yoga,12.6,1.7,2,3,23.41
25,Male,74.4,1.8,195,132,54,1.5,606,Strength,19.0,0.5,5,2,22.87
42,Male,87.8,1.69,177,137,51,1.02,573,Cardio,12.9,1.8,3,1,30.78
38,Female,74.0,1.72,182,80,67,1.66,346,Yoga,21.5,2.7,4,3,25.06
41,Male,79.3,1.69,177,133,66,1.25,621,Cardio,21.4,2.1,5,2,27.78
52,Male,73.2,1.77,168,129,62,2.03,1066,Cardio,14.9,1.8,2,2,23.26
32,Male,90.1,1.77,188,82,65,0.72,201,Yoga,18.0,2.4,5,1,28.74
22,Male,64.5,1.67,197,142,61,1.41,687,Strength,13.0,3.4,3,3,23.07
33,Female,77.5,1.69,186,143,65,1.31,779,Cardio,26.4,2.5,2,2,27.19
24,Female,84.2,1.66,196,90,54,1.49,341,Yoga,14.4,3.0,3,2,30.69
40,Male,56.2,1.66,178,134,58,1.06,423,Cardio,22.9,2.6,4,1,20.31
51,Male,96.7,1.77,166,141,49,1.08,964,HIIT,20.4,3.9,4,2,30.99
18,Female,66.7,1.59,201,148,62,2.0,1125,Cardio,24.9,1.5,2,3,26.43
30,Male,68.4,1.9,190,126,45,1.41,599,Strength,22.6,0.8,2,3,18.93
43,Female,67.8,1.63,177,145,59,1.97,1187,HIIT,16.7,2.4,5,2,25.38
39,Male,50.0,1.82,180,80,50,1.71,256,Yoga,13.1,2.6,2,3,15.06
46,Male,62.5,1.68,175,120,45,1.41,497,Strength,21.8,2.4,2,2,22.03
33,Female,64.0,1.66,186,77,57,1.74,381,Yoga,19.6,1.8,4,3,23.3
45,Male,74.8,1.69,175,121,55,1.51,663,Strength,19.8,2.9,6,1,26.07
33,Male,67.6,1.69,188,81,65,0.73,135,Yoga,21.4,2.9,6,1,23.55
37,Female,81.2,1.58,181,156,70,0.9,604,HIIT,23.5,2.2,5,2,32.68
46,Female,70.4,1.57,173,145,54,1.12,736,HIIT,21.9,3.2,3,1,28.58
42,Male,79.7,1.9,177,129,67,1.9,1065,Cardio,24.8,2.3,4,1,21.97
32,Female,70.6,1.58,186,160,47,1.42,827,HIIT,29.1,3.3,3,3,28.35
49,Male,80.3,1.78,171,121,63,1.21,782,Cardio,16.7,1.3,6,2,25.33
34,Male,68.7,1.65,185,152,63,1.54,878,Cardio,17.6,1.9,3,1,25.09
51,Female,62.7,1.65,169,115,69,1.57,670,Strength,16.8,1.5,4,1,23.1
28,Female,61.5,1.73,191,135,52,1.92,754,Strength,12.8,3.2,4,3,20.66
44,Male,85.5,1.82,175,93,60,1.41,535,Pilates,18.1,2.3,5,2,25.89
25,Female,73.6,1.71,195,154,71,1.0,775,HIIT,16.7,3.2,6,1,25.2
39,Male,92.7,1.73,179,159,55,1.64,1453,HIIT,12.0,1.2,2,3,30.92
26,Female,58.9,1.63,194,154,65,1.46,436,Strength,19.1,2.7,5,2,22.12
19,Female,75.5,1.69,201,148,58,1.38,592,Strength,27.1,2.6,4,2,26.29
37,Male,91.8,1.78,182,136,60,1.32,761,Strength,25.6,3.0,4,2,28.86
19,Female,55.2,1.53,200,144,67,2.36,883,Cardio,11.0,1.9,3,3,23.53
18,Male,83.4,1.87,201,137,58,1.76,1029,Strength,18.5,3.6,2,2,23.88
22,Female,69.9,1.61,198,167,52,1.27,792,HIIT,21.7,1.8,4,2,26.85
46,Male,73.9,1.75,174,123,66,1.72,723,Strength,23.0,1.9,5,1,24.12
37,Male,102.1,1.74,182,148,73,1.17,1023,HIIT,11.7,1.6,4,2,33.61
35,Male,113.4,1.91,184,162,60,1.51,1482,HIIT,20.1,2.1,4,1,31.09
47,Male,62.5,1.75,171,107,46,0.79,321,Strength,12.4,2.7,5,3,20.33
39,Female,48.0,1.63,180,110,46,1.28,212,Pilates,19.6,2.0,3,1,18.03
27,Male,69.0,1.75,192,181,54,1.1,593,HIIT,11.6,1.8,4,2,22.45
18,Male,102.1,1.69,202,79,70,0.81,237,Yoga,6.4,2.4,4,3,35.63
26,Female,81.6,1.67,193,144,82,1.18,649,Cardio,19.2,3.2,6,1,29.1
38,Female,56.6,1.7,183,131,69,1.62,628,Cardio,13.3,2.0,3,2,19.53
25,Female,82.7,1.65,194,84,67,1.23,261,Yoga,25.8,3.4,5,1,30.37
34,Female,80.9,1.68,184,139,52,1.0,512,Cardio,9.0,2.4,2,2,28.65
18,Male,86.5,1.68,202,112,61,1.48,470,Pilates,19.0,2.5,4,2,30.8
46,Female,69.2,1.71,173,98,65,1.35,340,Pilates,14.6,1.7,5,1,23.62
42,Female,75.1,1.61,178,80,61,1.56,324,Yoga,21.6,1.9,3,3,29.01
52,Male,88.3,1.77,168,125,51,1.26,658,Cardio,21.2,2.3,2,3,28.32
23,Female,64.2,1.61,197,91,52,0.97,228,Yoga,21.6,2.8,4,1,24.84
34,Male,71.7,1.72,185,121,46,1.66,777,Strength,17.4,1.9,3,3,24.21
36,Male,88.8,1.67,183,85,76,1.29,322,Yoga,20.6,1.8,4,2,31.89
37,Male,96.7,1.77,182,147,80,1.09,997,HIIT,24.6,2.4,5,2,30.72
53,Female,55.9,1.6,167,134,60,1.89,795,Cardio,19.2,2.1,5,2,21.85
41,Male,72.1,1.78,178,151,58,1.3,884,HIIT,18.6,1.8,5,1,22.76
30,Female,48.9,1.65,189,165,45,1.3,625,HIIT,15.7,1.3,4,2,17.84
39,Male,84.7,1.81,179,128,55,1.52,884,Strength,20.0,2.9,5,2,25.72
23,Male,79.7,1.6,196,88,80,1.18,253,Yoga,18.9,2.3,3,1,31.07
60,Male,87.3,1.66,157,87,71,0.97,341,Pilates,15.6,2.0,4,1,31.76
51,Male,91.0,1.74,167,106,54,1.74,888,Strength,24.9,1.9,6,2,30.02
36,Male,87.2,1.89,183,130,49,1.42,721,Strength,16.7,1.4,3,1,24.52
18,Male,95.4,1.63,202,164,72,1.67,1560,HIIT,23.5,3.3,2,2,35.93
46,Female,59.7,1.62,174,126,63,1.3,550,Cardio,22.0,2.5,3,3,22.62
24,Male,78.0,1.74,195,150,45,1.17,590,Cardio,19.7,3.3,5,3,25.92
30,Male,92.2,1.74,190,130,57,1.4,828,Strength,21.3,2.2,2,2,30.38
39,Female,81.0,1.6,179,124,67,1.68,793,Strength,11.6,1.5,4,2,31.82
45,Male,57.7,1.63,174,130,52,1.32,528,Cardio,20.1,2.5,4,2,21.72
19,Female,64.5,1.64,201,141,71,1.27,464,Strength,19.8,2.5,4,1,23.99
37,Female,82.2,1.56,183,170,60,0.98,759,HIIT,10.2,1.9,3,3,33.8
18,Male,84.8,1.76,201,168,82,1.27,971,HIIT,17.5,2.3,5,1,27.25
31,Female,75.1,1.59,189,102,56,1.62,470,Pilates,24.4,2.5,4,3,29.69
36,Male,74.1,1.73,185,134,57,1.64,757,Strength,19.9,2.8,4,1,24.66
18,Male,69.2,1.82,201,165,67,1.39,816,HIIT,20.3,2.2,6,2,20.96
20,Male,85.7,1.83,200,132,66,1.44,765,Strength,12.0,2.0,4,2,25.57
25,Male,75.2,1.71,194,171,54,1.52,916,HIIT,16.6,2.5,2,3,25.75
31,Male,63.9,1.81,188,162,51,1.28,764,HIIT,21.0,2.9,5,2,19.47
38,Female,86.9,1.63,180,140,54,1.56,670,Strength,10.7,2.3,4,3,32.79
30,Female,52.8,1.66,189,132,45,1.55,486,Strength,17.2,1.2,4,3,19.24
32,Female,58.4,1.6,188,141,68,1.26,492,Cardio,26.7,2.0,2,2,22.83
31,Male,97.7,1.74,188,85,49,1.01,258,Yoga,20.2,4.1,5,1,32.22
45,Male,87.3,1.8,175,87,64,1.35,581,Pilates,9.4,3.8,5,2,26.89
37,Female,71.3,1.5,182,135,64,1.15,594,Cardio,22.0,2.7,5,1,31.77
22,Female,51.1,1.6,198,152,75,0.81,290,Strength,22.2,2.0,4,1,19.98
39,Female,49.2,1.7,181,133,64,1.22,354,Strength,12.1,1.7,3,1,17.1
42,Male,102.6,1.75,177,122,70,0.94,536,Strength,17.6,2.6,3,1,33.54
33,Male,87.4,1.75,187,127,56,1.22,776,Cardio,20.5,2.7,5,2,28.57
48,Female,65.9,1.67,170,123,48,1.52,692,Cardio,22.8,2.1,5,3,23.71
18,Male,64.4,1.67,202,140,67,1.34,745,Cardio,26.8,2.2,3,1,23.18
38,Female,66.0,1.54,181,77,69,1.67,315,Yoga,21.6,1.9,5,2,27.89
32,Female,66.3,1.65,186,80,64,1.4,266,Yoga,22.2,1.9,4,2,24.37
29,Male,51.8,1.77,191,138,67,1.14,409,Cardio,21.2,3.1,4,1,16.45
42,Male,89.5,1.78,178,129,61,1.61,1078,Cardio,22.5,3.0,5,3,28.12
28,Male,82.2,1.86,192,155,80,0.77,451,Cardio,29.1,1.9,3,1,23.85
22,Male,68.1,1.77,198,164,53,1.72,763,HIIT,24.1,2.5,3,2,21.71
30,Male,88.7,1.73,190,98,68,1.5,448,Pilates,13.9,2.2,3,3,29.68
22,Female,61.3,1.61,198,157,45,1.32,537,Cardio,21.7,2.0,3,2,23.67
33,Female,97.4,1.67,187,148,51,1.76,1153,Cardio,19.7,2.3,2,3,35.08
36,Female,53.9,1.64,184,87,70,1.27,210,Yoga,25.5,1.8,3,1,20.07
44,Male,99.3,1.68,177,79,59,0.92,248,Yoga,17.5,1.2,4,3,35.13
44,Male,95.4,1.82,176,79,45,1.49,474,Yoga,15.8,1.2,5,3,28.66
35,Male,85.8,1.73,184,97,55,1.42,522,Pilates,12.2,2.8,4,2,28.63
37,Male,50.0,1.76,181,78,68,1.86,293,Yoga,14.7,2.7,5,2,16.06
26,Female,56.3,1.71,194,169,72,1.45,780,HIIT,23.1,2.9,2,2,19.3
29,Female,40.0,1.6,190,141,53,1.88,426,Strength,14.8,1.5,5,3,15.7
32,Male,82.4,1.79,188,143,62,1.48,793,Cardio,19.1,2.8,4,1,25.58
34,Female,86.2,1.65,185,89,56,1.19,257,Yoga,22.4,2.9,4,2,31.5
31,Male,67.3,1.73,188,151,60,1.13,467,Cardio,18.2,3.3,4,2,22.6
44,Female,74.9,1.6,175,132,55,1.58,829,Cardio,20.3,1.8,2,3,29.39
61,Male,107.3,1.85,159,128,58,1.25,1080,Cardio,21.6,3.1,4,1,31.41
37,Male,63.7,1.84,181,122,47,1.66,571,Strength,18.6,2.6,4,3,18.9
30,Male,88.4,1.61,188,140,63,1.26,765,Cardio,20.3,2.1,4,1,34.0
28,Female,78.3,1.56,191,175,58,1.64,1066,HIIT,11.9,3.4,5,2,32.19
47,Male,82.3,1.75,173,131,53,1.97,771,Strength,22.2,1.6,4,2,26.95
29,Male,74.0,1.73,190,82,47,1.75,394,Yoga,14.9,3.2,3,3,24.65
31,Male,79.1,1.95,189,126,78,1.33,751,Strength,12.2,2.9,3,3,20.88
58,Male,92.2,1.87,163,111,54,0.97,587,Strength,27.1,1.5,3,1,26.47
38,Female,60.5,1.57,182,135,54,1.07,431,Cardio,23.5,1.2,5,1,24.42
29,Female,60.3,1.68,191,87,62,1.49,305,Yoga,17.5,3.1,3,3,21.42
33,Female,51.8,1.65,188,83,68,1.05,178,Yoga,19.5,3.1,4,1,19.08
18,Female,65.6,1.64,202,113,46,2.13,427,Pilates,15.2,2.9,2,3,24.5
44,Male,60.9,1.69,174,77,54,1.51,269,Yoga,20.9,2.2,3,2,21.28
35,Male,86.5,1.77,185,145,58,1.4,815,Cardio,22.2,2.4,2,2,27.59
32,Male,113.3,1.72,187,171,70,1.33,1330,HIIT,21.0,2.5,2,1,38.48
56,Male,89.9,1.8,165,69,65,1.63,475,Yoga,7.8,3.5,4,2,27.71
36,Male,83.9,1.77,184,89,59,1.36,380,Yoga,20.1,2.7,5,2,26.86
43,Female,59.5,1.64,177,118,76,1.36,468,Strength,25.1,1.1,5,1,22.22
41,Female,48.9,1.64,177,72,62,1.72,252,Yoga,23.0,2.9,5,2,18.09
22,Female,82.7,1.72,197,88,51,2.03,545,Yoga,24.1,2.4,4,1,27.9
20,Male,71.8,1.76,199,162,68,1.61,1037,HIIT,13.4,2.0,3,2,23.05
44,Female,57.9,1.65,174,122,57,1.78,692,Strength,26.1,1.5,4,1,21.33
24,Female,60.9,1.67,196,85,65,1.37,267,Yoga,14.5,2.9,3,1,21.89
20,Male,78.3,1.82,200,146,51,1.9,746,Strength,16.3,3.0,5,3,23.76
30,Female,76.7,1.58,189,158,57,1.39,1056,HIIT,19.6,4.4,5,3,30.79
43,Female,60.7,1.66,177,147,49,1.59,953,HIIT,15.3,2.2,3,2,22.17
36,Male,62.8,1.75,184,135,69,0.74,296,Cardio,12.8,3.3,4,2,20.49
41,Female,91.0,1.63,179,129,63,1.16,636,Strength,22.5,1.4,3,1,34.32
40,Female,59.6,1.59,180,153,63,1.45,740,HIIT,16.0,2.0,2,3,23.62
39,Female,70.3,1.71,181,81,71,1.02,224,Yoga,19.0,2.7,4,2,24.03
29,Male,77.7,1.7,191,134,55,1.72,780,Strength,18.9,1.9,3,2,26.87
46,Male,83.4,1.71,174,150,54,1.26,1045,HIIT,14.0,3.5,5,2,28.61
25,Male,91.5,1.73,195,133,66,1.37,670,Strength,17.0,2.9,4,1,30.48
53,Male,87.8,1.83,166,114,52,0.64,330,Strength,16.1,1.9,5,1,26.35
53,Male,78.6,1.74,168,121,55,1.52,722,Strength,12.6,3.2,4,3,26.08
45,Male,84.4,1.78,174,126,48,1.33,809,Strength,14.0,1.6,3,2,26.64
36,Female,50.5,1.67,183,132,60,0.87,233,Strength,17.0,2.0,4,1,18.16
56,Male,63.7,1.73,162,125,66,1.0,408,Cardio,19.5,2.2,4,1,21.24
18,Female,55.3,1.65,202,147,66,0.98,363,Strength,33.0,2.0,4,1,20.28
19,Female,66.3,1.57,200,109,56,1.73,442,Pilates,20.1,0.9,4,1,26.94
27,Male,70.1,1.83,193,135,52,1.57,803,Cardio,16.6,2.5,4,3,20.85
22,Female,55.3,1.62,198,143,79,1.19,332,Strength,19.4,2.1,4,1,21.13
24,Female,53.5,1.66,195,114,51,2.08,385,Pilates,12.6,1.2,3,2,19.32
35,Male,68.4,1.76,185,153,55,1.47,861,HIIT,12.4,3.2,3,2,22.17
21,Male,91.5,1.69,198,151,66,1.26,909,Cardio,22.0,1.4,2,2,31.98
34,Male,111.3,1.78,186,132,55,1.29,898,Strength,17.4,3.0,4,2,35.08
46,Female,48.6,1.62,174,129,54,1.59,498,Strength,19.3,2.9,5,2,18.58
28,Male,52.2,1.79,191,163,61,1.15,564,HIIT,14.1,2.1,4,2,16.32
34,Female,69.5,1.62,186,141,64,0.81,341,Strength,16.2,2.1,5,2,26.34
39,Male,78.7,1.75,181,162,60,1.67,1252,HIIT,19.4,3.3,5,2,25.66
18,Male,113.3,1.73,202,117,64,1.34,601,Pilates,14.2,1.9,4,1,37.89
30,Female,79.7,1.61,190,150,62,1.24,814,Cardio,22.2,2.5,4,1,30.59
32,Male,98.0,1.73,187,106,45,1.16,519,Pilates,18.5,3.4,3,1,32.68
23,Female,63.9,1.6,196,107,67,1.47,388,Pilates,17.8,3.1,5,2,24.87
59,Female,55.5,1.6,160,146,51,1.33,705,HIIT,20.5,2.0,4,2,21.64
39,Female,43.1,1.61,181,154,70,1.52,556,HIIT,24.8,4.7,5,1,16.72
37,Male,81.4,1.7,183,124,45,0.58,237,Strength,16.4,1.8,4,2,28.08
42,Male,75.1,1.73,178,144,45,1.9,1363,HIIT,11.5,1.8,3,3,25.1
30,Female,80.0,1.67,189,84,63,1.46,367,Yoga,25.3,1.5,3,1,28.74
31,Female,60.3,1.61,189,129,71,1.38,522,Cardio,19.1,3.9,3,1,23.28
32,Male,74.3,1.84,187,141,45,1.57,1111,HIIT,23.8,2.4,4,1,22.05
46,Female,52.7,1.64,172,130,55,1.42,626,Cardio,21.3,1.4,4,2,19.47
23,Male,97.4,1.68,196,141,62,1.08,732,Strength,26.0,3.3,4,1,34.7
18,Female,50.0,1.65,201,94,50,1.1,165,Yoga,23.4,2.0,4,1,18.25
18,Male,125.1,1.79,201,175,60,1.32,1493,HIIT,19.9,3.9,4,2,39.03
24,Male,90.7,1.75,196,174,63,1.8,1498,HIIT,21.8,2.1,3,3,29.49
26,Female,46.2,1.65,194,121,62,1.54,297,Pilates,14.4,2.0,6,3,17.01
54,Female,60.3,1.56,166,116,45,1.56,644,Cardio,11.2,2.3,2,2,24.61
30,Male,108.6,1.78,190,133,58,1.28,852,Strength,21.7,1.4,2,1,34.45
26,Male,84.6,1.74,194,109,51,1.62,512,Pilates,21.6,2.9,3,2,28.03
18,Female,65.4,1.69,202,165,77,1.58,957,HIIT,25.8,2.4,4,3,22.75
35,Male,64.8,1.55,185,128,70,1.27,556,Strength,21.8,3.6,4,1,26.98
18,Male,107.3,1.72,201,173,59,1.61,1845,HIIT,10.6,2.8,4,1,36.16
18,Male,75.8,1.66,201,154,62,1.67,783,Strength,12.2,3.4,3,2,27.61
39,Female,81.5,1.61,181,124,67,1.47,714,Strength,25.6,2.1,5,2,31.34
30,Male,90.2,1.87,190,129,56,1.0,582,Cardio,19.8,3.1,4,2,25.68
39,Male,89.1,1.79,180,137,62,1.76,865,Cardio,15.6,2.7,3,2,27.95
22,Female,46.8,1.58,197,151,63,1.02,415,Cardio,27.5,1.6,3,1,18.85
36,Female,72.7,1.61,183,93,55,1.69,472,Pilates,24.4,2.6,2,3,27.96
24,Male,81.8,1.85,195,167,66,1.68,1140,HIIT,27.4,2.3,5,1,23.94
18,Female,65.0,1.57,201,157,65,1.55,892,HIIT,21.7,2.8,5,3,26.53
25,Female,70.9,1.52,194,148,73,0.89,429,Cardio,25.8,3.9,4,1,30.66
28,Male,99.2,1.68,192,159,62,1.35,1322,HIIT,15.6,2.4,3,2,35.14
27,Female,80.8,1.61,192,147,63,1.08,549,Strength,18.9,1.9,5,2,31.23
41,Female,82.7,1.6,179,75,56,1.39,339,Yoga,24.0,3.2,5,1,32.41
50,Male,70.2,1.7,171,122,58,1.9,841,Strength,23.9,3.0,6,3,24.27
46,Male,79.5,1.71,174,97,45,0.96,279,Pilates,22.2,1.8,2,2,27.06
24,Male,72.9,1.76,196,161,67,1.07,647,HIIT,18.4,2.8,2,1,23.42
56,Female,72.3,1.67,162,124,66,1.2,795,HIIT,18.9,3.8,6,1,26.05
56,Female,75.7,1.7,161,118,69,1.6,594,Strength,16.0,2.8,3,2,26.18
30,Male,64.9,1.57,190,151,49,1.56,1078,HIIT,18.5,1.5,3,3,26.21
18,Female,73.8,1.57,201,133,54,1.31,618,Strength,20.4,2.7,4,2,29.89
37,Female,56.1,1.61,182,133,67,1.18,472,Strength,24.9,3.3,5,2,21.72
61,Male,100.9,1.79,158,124,71,0.99,869,HIIT,13.0,2.8,5,1,31.57
24,Male,78.1,1.78,196,149,63,1.73,760,Cardio,26.9,0.5,3,3,24.66
37,Female,45.6,1.64,182,145,49,1.11,387,Cardio,26.3,2.9,2,1,16.86
31,Male,68.0,1.57,188,150,70,1.67,799,Cardio,30.0,2.7,2,1,27.49
24,Male,81.0,1.7,195,106,54,1.29,409,Pilates,11.0,2.4,3,2,27.93
53,Male,52.2,1.74,166,68,67,1.44,196,Yoga,23.1,3.9,3,2,17.3
33,Male,76.9,1.8,186,155,61,0.88,745,HIIT,19.3,3.0,4,1,23.71
38,Male,99.4,1.67,182,148,69,1.21,1115,HIIT,24.8,2.3,2,2,35.64
43,Male,64.1,1.77,177,161,68,1.53,903,HIIT,24.3,2.9,3,2,20.39
28,Female,66.6,1.6,191,175,66,1.11,698,HIIT,17.3,4.5,3,1,26.01
45,Male,91.1,1.87,175,115,45,2.13,987,Strength,20.8,3.0,3,3,26.16
29,Male,84.0,1.66,191,135,70,0.9,472,Strength,22.3,1.6,5,1,30.59
48,Female,52.1,1.62,171,147,55,0.67,322,HIIT,26.0,1.7,4,1,19.77
18,Female,81.4,1.66,202,160,45,1.4,640,Cardio,26.4,3.6,3,2,29.38
46,Female,69.8,1.68,174,116,52,1.55,714,Cardio,20.7,2.2,4,3,24.65
20,Male,89.7,1.65,200,158,57,1.39,1146,HIIT,20.6,2.6,5,2,33.0
40,Female,58.1,1.68,180,95,53,0.96,264,Pilates,22.1,3.2,3,2,20.59
22,Male,91.8,1.74,197,162,55,1.47,1062,HIIT,15.4,2.6,3,2,30.19
63,Female,55.2,1.62,154,123,75,1.59,609,Cardio,16.2,2.9,4,3,20.92
35,Female,53.3,1.67,185,129,66,1.52,465,Strength,27.0,1.5,3,2,19.04
25,Female,85.2,1.64,194,130,53,1.33,720,Strength,16.2,3.6,2,2,31.87
54,Female,63.3,1.58,164,76,64,1.45,222,Yoga,14.8,1.7,3,3,25.27
45,Male,75.7,1.75,175,123,58,1.65,898,Cardio,16.2,2.1,2,1,24.63
18,Female,51.9,1.56,201,89,60,1.82,311,Yoga,21.8,1.5,3,1,21.22
29,Male,54.0,1.74,190,143,47,1.87,597,Cardio,11.3,2.2,5,3,17.76
32,Female,53.7,1.64,187,147,58,1.69,625,Cardio,17.1,2.9,3,3,20.0
60,Male,129.4,1.73,159,122,55,1.11,1014,Cardio,10.5,1.9,3,1,43.1
21,Male,78.1,1.55,199,136,62,1.2,613,Strength,19.9,1.9,2,2,32.3
21,Female,70.9,1.56,199,153,63,1.25,776,HIIT,16.5,2.7,2,2,29.29
47,Male,61.2,1.69,173,120,66,1.52,589,Strength,12.3,2.2,2,1,21.47
25,Female,57.5,1.61,195,101,59,1.28,267,Pilates,12.6,3.1,4,2,22.2
28,Male,72.0,1.81,191,143,66,1.38,613,Cardio,13.1,2.6,5,2,21.89
37,Male,85.8,1.69,182,121,69,0.94,482,Strength,27.9,2.9,5,1,30.16
24,Male,67.5,1.83,196,133,57,1.79,807,Strength,23.5,1.6,5,2,20.11
44,Male,62.5,1.78,176,123,62,1.19,542,Cardio,18.9,2.5,2,1,19.64
40,Male,70.9,1.78,180,82,59,1.38,279,Yoga,16.1,2.5,3,3,22.39
24,Male,73.6,1.74,196,142,49,1.46,711,Strength,16.7,3.0,3,1,24.34
42,Male,63.3,1.68,177,141,45,1.52,550,Cardio,12.1,2.4,5,3,22.29
31,Female,68.8,1.77,188,102,76,1.27,335,Pilates,20.0,1.7,4,1,22.07
43,Female,40.0,1.67,176,153,61,1.5,507,HIIT,23.5,1.5,4,1,14.31
40,Male,71.4,1.63,178,74,62,1.52,292,Yoga,15.5,2.6,3,3,26.8
26,Female,86.1,1.63,194,137,49,1.86,874,Strength,21.7,3.7,2,3,32.61
56,Female,63.7,1.69,163,134,53,1.58,789,HIIT,14.0,3.6,4,3,22.26
44,Male,76.5,1.65,175,130,65,0.87,464,Cardio,13.0,1.6,4,1,27.93
26,Male,103.2,1.71,193,145,69,1.27,860,Cardio,23.7,2.0,4,1,35.44
42,Male,69.8,1.79,177,141,64,1.96,1082,Cardio,6.2,1.8,3,3,21.69
24,Female,73.5,1.58,195,125,50,1.74,863,Strength,26.0,2.2,4,1,29.58
39,Male,80.3,1.74,179,124,55,1.14,572,Strength,25.3,2.0,4,1,26.43
35,Female,53.7,1.68,184,144,63,0.93,379,Cardio,16.5,2.1,5,2,19.04
43,Male,64.4,1.74,176,124,67,1.37,484,Strength,18.1,0.5,3,2,21.38
25,Male,82.9,1.75,195,100,70,1.3,408,Pilates,9.6,2.1,3,1,27.17
18,Female,65.8,1.67,202,95,71,1.67,299,Yoga,25.2,2.3,2,1,23.53
39,Male,73.4,1.84,181,101,66,1.53,496,Pilates,16.4,2.6,5,2,21.67
31,Female,79.9,1.63,189,146,72,1.16,687,Cardio,26.8,1.7,5,1,29.91
48,Female,75.5,1.64,172,116,45,1.01,420,Strength,6.0,1.5,4,2,28.07
30,Male,56.1,1.75,189,145,60,1.23,453,Cardio,10.8,2.1,4,2,18.28
20,Female,69.6,1.63,198,137,52,1.06,498,Strength,15.5,3.3,6,2,26.25
38,Female,50.9,1.52,180,127,62,1.45,571,Cardio,19.7,2.2,2,2,22.07
36,Female,70.8,1.59,184,125,55,2.16,986,Strength,24.9,2.6,2,3,27.87
22,Male,87.2,1.69,198,155,57,1.08,883,HIIT,11.0,2.8,4,1,30.41
28,Female,74.5,1.59,191,165,56,1.91,1213,HIIT,19.4,2.9,3,2,29.62
60,Male,81.3,1.8,159,133,54,1.05,767,HIIT,12.3,2.5,5,2,24.97
37,Male,69.0,1.71,182,87,55,1.25,238,Yoga,11.5,2.1,5,3,23.52
23,Male,85.3,1.73,196,139,78,1.12,482,Strength,17.2,2.9,4,3,28.54
60,Female,68.8,1.57,159,123,45,1.93,1012,Cardio,15.5,3.1,3,3,28.03
23,Male,91.5,1.71,196,97,58,1.8,603,Pilates,23.5,3.6,4,2,31.12
24,Male,79.5,1.91,196,86,72,1.09,233,Yoga,21.9,3.9,3,1,21.7
31,Male,82.8,1.64,188,135,47,2.3,1540,Cardio,23.7,2.7,4,2,30.83
19,Female,64.2,1.55,200,91,45,1.27,233,Yoga,17.8,3.5,2,1,26.58
36,Female,77.3,1.71,182,162,68,1.5,1033,HIIT,25.1,2.1,2,2,26.57
38,Female,46.1,1.61,181,100,54,1.78,357,Pilates,21.5,2.0,2,3,17.74
22,Male,119.5,1.69,198,83,48,0.76,278,Yoga,18.5,2.8,5,1,41.84
30,Female,63.6,1.5,190,137,62,1.57,860,Cardio,13.4,2.2,2,3,28.3
43,Male,88.3,1.84,177,118,68,1.16,540,Strength,22.6,2.3,3,1,26.03
56,Female,65.7,1.59,163,115,68,1.37,510,Strength,25.6,1.9,5,1,25.82
43,Male,87.8,1.66,174,137,63,1.01,702,Cardio,22.1,2.0,2,1,31.85
21,Female,54.5,1.59,198,133,60,1.83,618,Strength,18.4,3.8,3,2,21.69
42,Female,57.1,1.74,176,98,46,1.16,267,Pilates,20.5,2.6,5,2,18.8
29,Female,66.7,1.57,191,125,56,1.8,751,Strength,13.1,3.7,5,3,27.18
46,Male,99.2,1.82,174,78,57,1.61,464,Yoga,19.3,2.3,4,2,30.06
46,Male,75.1,1.81,173,143,52,2.0,1285,HIIT,23.4,2.5,4,2,22.95
37,Male,98.8,1.76,182,83,59,1.12,334,Yoga,22.8,3.2,3,2,31.85
25,Female,61.7,1.63,196,139,56,1.18,425,Strength,21.3,1.5,5,1,23.12
49,Male,64.2,1.73,171,73,64,1.51,249,Yoga,13.3,2.3,2,3,21.55
52,Male,71.9,1.75,167,125,53,1.79,814,Cardio,18.0,2.5,4,2,23.45
18,Female,62.0,1.61,202,107,56,1.63,458,Pilates,5.0,2.2,4,2,23.82
46,Male,85.8,1.75,173,80,48,1.8,432,Yoga,27.8,2.5,5,2,28.09
18,Male,77.2,1.67,201,170,61,1.39,983,HIIT,25.3,3.6,4,1,27.64
18,Male,87.2,1.77,202,147,49,1.69,888,Strength,16.7,3.4,5,1,27.82
33,Male,93.6,1.74,187,157,45,1.28,1080,HIIT,25.3,2.6,5,3,30.81
20,Female,60.2,1.62,199,167,59,1.57,961,HIIT,15.9,4.0,2,2,22.8
48,Female,65.7,1.74,171,154,45,1.38,941,HIIT,19.1,2.6,3,3,21.66
24,Male,77.3,1.76,196,135,66,1.59,861,Strength,21.6,2.2,5,3,24.84
57,Male,59.2,1.68,162,143,54,0.95,552,HIIT,16.3,3.9,4,1,20.87
18,Female,62.4,1.57,201,159,45,1.16,493,Cardio,18.7,1.8,4,3,25.36
37,Male,82.8,1.82,184,158,53,1.43,857,HIIT,10.7,2.5,3,1,24.9
49,Male,96.2,1.65,170,148,66,1.0,846,HIIT,22.1,3.1,3,1,35.36
18,Male,86.7,1.79,202,93,71,1.18,319,Yoga,19.1,2.8,3,1,26.93
27,Female,71.1,1.67,192,127,60,1.5,637,Strength,16.7,2.1,4,1,25.39
36,Female,72.8,1.68,184,132,54,1.4,664,Cardio,29.1,2.4,3,2,25.79
39,Female,58.2,1.55,180,115,60,1.18,408,Strength,19.8,3.5,5,3,24.29
38,Female,86.7,1.65,181,140,53,1.03,697,HIIT,16.7,3.5,3,2,31.98
22,Female,77.3,1.6,198,92,72,1.62,356,Yoga,15.7,3.1,3,1,30.1
31,Female,61.6,1.66,189,159,68,1.28,762,HIIT,14.2,2.2,4,2,22.29
26,Male,86.9,1.63,194,142,76,1.45,897,Cardio,16.7,2.6,3,2,32.54
38,Female,76.0,1.62,181,157,50,1.57,1192,HIIT,15.6,3.3,4,2,29.03
31,Male,78.7,1.72,188,140,58,1.37,624,Strength,13.5,1.7,2,2,26.62
31,Female,60.5,1.61,189,139,56,1.37,471,Strength,18.7,2.9,4,3,23.26
48,Male,103.2,1.77,173,116,57,1.24,726,Strength,24.6,1.7,4,1,32.83
27,Male,61.0,1.74,192,166,57,1.21,640,HIIT,20.8,3.7,4,3,20.18
23,Male,95.3,1.67,197,139,54,0.92,667,Cardio,16.8,3.3,3,2,33.96
18,Male,70.3,1.62,202,147,66,1.43,638,Cardio,14.2,1.7,5,2,26.77
54,Female,71.8,1.56,167,75,69,1.41,266,Yoga,12.2,1.8,2,1,29.58
50,Male,90.7,1.86,170,124,45,1.83,1128,Cardio,19.2,2.9,5,2,26.25
36,Male,61.4,1.7,183,139,51,0.92,510,HIIT,16.4,2.4,3,1,21.26
47,Male,88.6,1.75,174,122,47,1.71,871,Strength,16.0,2.9,3,3,28.84
32,Male,81.3,1.8,188,126,61,0.64,281,Strength,19.5,3.1,5,1,24.96
32,Female,52.3,1.63,188,102,62,1.33,257,Pilates,17.2,2.7,3,2,19.77
37,Male,73.5,1.88,182,136,62,1.73,911,Cardio,13.9,2.5,4,1,20.85
18,Male,75.9,1.8,201,144,65,1.14,605,Strength,23.7,3.7,5,1,23.49
57,Female,62.5,1.54,162,105,48,1.48,556,Strength,18.8,2.7,5,3,26.32
42,Female,60.8,1.62,178,82,57,2.2,355,Yoga,14.4,3.8,4,2,23.28
18,Male,74.2,1.75,201,183,70,1.26,934,HIIT,26.6,3.2,2,1,24.17
56,Male,91.7,1.75,163,141,63,1.02,857,HIIT,9.2,2.5,4,2,29.79
35,Female,58.1,1.54,184,158,65,1.65,934,HIIT,21.6,2.5,3,1,24.43
34,Male,77.3,1.71,185,153,51,1.32,932,HIIT,21.8,2.8,4,1,26.51
27,Male,77.6,1.86,192,144,58,1.22,578,Strength,15.4,2.6,4,2,22.32
28,Male,96.8,1.77,192,77,69,1.04,315,Yoga,17.7,3.7,3,1,30.82
43,Female,63.7,1.66,176,77,59,1.9,351,Yoga,16.4,2.3,5,2,23.11
41,Female,69.1,1.57,178,84,82,1.49,309,Yoga,14.7,2.2,3,1,28.19
43,Male,77.1,1.71,178,128,59,1.84,712,Strength,19.6,3.1,4,2,26.22
51,Male,97.5,1.89,168,119,65,1.8,1093,Cardio,25.8,0.6,5,2,27.32
18,Female,66.4,1.61,202,142,62,1.62,622,Strength,29.5,3.4,3,2,25.76
35,Female,66.3,1.69,184,120,59,1.46,618,Strength,24.4,2.0,2,1,23.13
27,Male,87.7,1.85,193,132,68,0.85,515,Strength,26.9,2.7,5,1,25.5
18,Female,67.7,1.53,202,165,56,1.1,680,HIIT,21.0,3.5,4,3,28.76
25,Male,90.3,1.82,194,167,59,1.32,1196,HIIT,17.6,1.8,5,1,27.13
33,Female,69.3,1.63,187,105,55,0.86,211,Pilates,14.6,2.7,6,1,26.05
33,Male,77.8,1.77,188,163,57,1.17,723,HIIT,29.8,2.7,4,1,24.9
32,Female,74.1,1.69,186,126,67,1.07,417,Strength,31.3,1.5,3,2,25.88
41,Male,60.6,1.87,178,121,73,0.66,205,Strength,20.4,1.7,2,2,17.29
30,Female,46.3,1.64,189,163,53,0.94,443,HIIT,16.6,2.8,3,1,17.13
50,Male,101.8,1.83,169,122,75,1.06,622,Strength,27.1,3.1,3,1,30.52
30,Female,52.5,1.59,189,100,64,1.58,317,Pilates,22.4,3.2,6,1,20.72
27,Male,50.0,1.77,192,128,50,1.33,402,Strength,10.8,3.8,5,2,15.97
35,Male,77.8,1.65,186,152,67,1.14,649,Cardio,16.7,0.5,2,1,28.58
31,Female,84.9,1.59,188,137,70,1.64,1071,Cardio,17.2,1.7,4,2,33.71
33,Female,52.4,1.65,187,79,62,0.92,149,Yoga,27.2,2.2,4,2,19.3
60,Male,84.3,1.73,160,146,59,1.61,1238,HIIT,13.6,2.1,5,3,28.21
39,Male,53.3,1.75,181,88,63,1.91,355,Yoga,12.0,1.9,3,3,17.47
36,Female,83.2,1.58,183,135,45,1.27,633,Strength,16.7,1.1,2,1,33.37
23,Female,45.4,1.57,197,140,57,1.42,505,Cardio,25.3,2.6,5,2,18.45
18,Female,47.5,1.6,202,148,53,1.46,475,Cardio,22.9,2.6,3,2,18.44
42,Female,63.5,1.67,177,120,62,1.44,437,Strength,18.9,2.6,3,3,22.78
18,Female,42.4,1.6,202,170,65,1.93,719,HIIT,18.7,2.3,3,2,16.65
54,Male,97.3,1.8,165,132,59,1.46,987,Cardio,15.0,3.0,2,2,30.15
48,Male,81.0,1.76,170,111,45,1.35,627,Strength,25.7,3.0,3,2,26.25
29,Male,89.4,1.68,191,122,53,1.25,706,Strength,18.3,2.4,6,1,31.71
21,Female,76.9,1.53,199,131,59,1.46,574,Strength,30.5,3.0,4,2,32.89
38,Male,77.1,1.7,180,132,58,1.06,543,Strength,18.5,2.4,3,1,26.6
32,Female,40.0,1.57,188,132,57,1.38,361,Strength,22.1,1.1,2,3,16.14
42,Male,72.9,1.74,177,142,63,1.07,518,Cardio,14.6,3.5,4,1,24.18
22,Male,83.8,1.78,197,158,63,1.57,825,HIIT,13.2,1.7,4,2,26.34
20,Male,71.9,1.75,200,109,56,1.54,425,Pilates,15.9,2.4,3,3,23.36
39,Male,89.5,1.72,180,159,59,1.44,1164,HIIT,9.3,3.9,5,2,30.19
39,Female,66.4,1.61,179,75,65,1.58,305,Yoga,22.2,1.4,3,2,25.67
42,Male,83.2,1.66,180,78,62,1.19,265,Yoga,16.3,3.3,5,2,30.2
54,Female,50.6,1.68,166,137,54,1.81,858,HIIT,21.5,3.0,4,1,17.98
32,Female,60.1,1.65,187,149,45,1.96,733,Cardio,18.8,2.5,4,3,22.17
29,Male,67.7,1.78,191,105,64,0.98,247,Pilates,24.5,1.9,2,2,21.39
32,Male,75.1,1.7,187,127,57,1.17,435,Strength,21.9,3.2,4,2,25.99
31,Female,61.8,1.66,189,80,63,1.88,339,Yoga,18.2,2.1,3,3,22.57
18,Male,83.0,1.63,202,143,50,1.42,800,Strength,12.2,2.1,4,3,31.05
56,Male,78.5,1.78,164,85,64,1.79,565,Pilates,7.9,1.4,4,3,24.87
26,Female,80.9,1.52,194,134,58,0.72,358,Strength,24.5,1.8,4,2,34.95
37,Male,69.0,1.64,183,154,64,1.58,1011,HIIT,23.4,4.5,3,1,25.8
37,Male,86.5,1.81,183,127,56,1.26,551,Strength,35.8,2.2,2,1,26.38
30,Female,73.0,1.57,189,87,52,1.83,375,Yoga,15.1,1.2,5,3,29.75
31,Male,93.3,1.69,188,153,51,1.47,1370,HIIT,25.9,1.4,2,2,32.72
46,Female,67.8,1.62,175,127,54,1.2,546,Strength,15.9,2.3,2,2,25.8
24,Female,60.7,1.64,196,166,58,0.99,536,HIIT,24.7,3.3,3,2,22.67
29,Female,79.4,1.64,191,81,56,0.8,209,Yoga,15.1,3.7,3,1,29.38
51,Female,57.1,1.68,169,124,50,1.57,630,Cardio,21.8,2.6,4,2,20.13
31,Male,99.6,1.75,189,159,59,1.67,1813,HIIT,17.0,1.1,6,2,32.54
32,Male,96.0,1.74,188,142,76,0.86,609,Cardio,15.9,3.7,5,1,31.55
28,Female,63.2,1.6,191,146,64,0.97,380,Strength,14.2,3.2,5,2,24.81
40,Female,63.3,1.6,179,126,49,1.76,709,Strength,18.1,2.5,4,2,24.69
54,Male,80.4,1.65,167,141,49,1.7,1077,HIIT,19.2,2.7,4,3,29.55
32,Female,59.4,1.51,186,128,52,1.15,373,Strength,15.0,2.1,4,2,26.17
42,Male,95.6,1.77,177,120,65,1.32,787,Cardio,18.1,3.1,3,2,30.55
48,Male,99.8,1.66,170,127,62,0.81,462,Cardio,20.7,2.4,6,1,36.14
49,Female,66.6,1.58,171,115,67,0.9,360,Strength,27.0,2.3,4,2,26.71
39,Male,80.7,1.61,180,125,55,1.68,779,Strength,5.0,1.4,3,3,31.11
23,Male,72.3,1.84,197,92,64,0.97,232,Yoga,20.4,4.1,6,3,21.47
42,Male,81.0,1.92,178,84,58,1.19,342,Yoga,20.2,2.2,3,1,21.91
43,Female,75.7,1.7,177,129,48,1.82,987,Cardio,14.3,3.1,3,3,26.13
19,Female,56.3,1.62,200,115,61,1.36,318,Pilates,20.8,3.9,2,2,21.57
39,Male,72.7,1.67,181,149,62,1.3,990,HIIT,14.4,1.5,3,1,26.03
37,Male,86.1,1.8,182,83,65,0.97,248,Yoga,20.8,2.2,5,2,26.45
33,Female,48.2,1.58,186,82,75,1.23,171,Yoga,19.5,1.7,2,1,19.29
25,Female,62.4,1.63,194,141,49,0.99,330,Strength,18.4,1.9,4,1,23.45
18,Male,82.2,1.77,201,159,49,1.95,1342,Cardio,5.0,2.7,3,3,26.26
29,Female,75.8,1.57,190,122,51,1.16,516,Strength,25.1,2.9,4,3,30.9
30,Female,77.4,1.63,190,163,66,1.69,1116,HIIT,14.7,2.0,2,2,29.15
28,Female,56.6,1.6,192,126,61,2.25,1031,Cardio,22.3,3.3,4,2,22.04
18,Male,79.3,1.73,201,93,67,1.23,353,Yoga,22.9,2.3,5,1,26.4
24,Female,58.8,1.7,196,141,77,1.09,268,Strength,30.8,3.4,4,1,20.44
18,Male,54.8,1.87,201,169,60,1.47,749,HIIT,21.4,2.9,4,1,15.67
31,Male,77.5,1.73,188,87,52,1.32,285,Yoga,15.7,4.5,4,2,25.96
46,Female,66.2,1.6,172,116,49,1.31,520,Strength,22.2,1.8,3,2,25.88
36,Male,66.7,1.61,184,134,52,0.94,359,Strength,13.0,2.7,5,2,25.63
30,Male,97.9,1.71,189,131,66,1.44,887,Strength,16.9,3.2,4,3,33.35
18,Male,76.0,1.72,202,141,77,1.02,477,Strength,15.5,2.7,4,1,25.83
29,Male,77.2,1.71,190,158,47,2.02,1345,HIIT,14.7,1.8,3,2,26.53
37,Female,66.2,1.62,183,142,49,1.58,721,Cardio,28.5,3.3,4,2,25.26
36,Male,66.5,1.77,183,152,54,1.09,549,HIIT,18.4,2.9,4,2,21.11
36,Male,91.0,1.66,182,83,53,0.58,141,Yoga,17.4,2.5,3,1,32.9
37,Female,72.2,1.56,182,138,74,1.0,506,Cardio,21.4,2.4,3,1,29.68
41,Male,81.6,1.68,179,96,59,1.64,591,Pilates,13.8,3.2,3,2,28.99
18,Male,73.2,1.79,202,154,48,1.24,570,Cardio,28.5,2.6,5,2,22.76
19,Male,87.1,1.72,201,156,45,1.44,801,Cardio,14.7,2.8,4,3,29.38
24,Male,51.4,1.81,195,173,61,0.95,331,HIIT,28.3,2.0,3,2,15.68
55,Male,64.7,1.7,166,126,67,2.01,915,Cardio,15.4,2.2,3,2,22.41
24,Male,92.1,1.71,196,151,58,1.28,877,Cardio,15.9,2.1,5,2,31.5
46,Female,73.5,1.63,175,127,66,1.57,778,Strength,27.4,1.7,3,2,27.63
35,Male,74.5,1.79,183,122,62,1.09,467,Strength,18.6,3.6,2,1,23.25
34,Male,85.7,1.78,186,145,53,0.89,535,Cardio,27.5,2.7,2,1,27.1
30,Male,69.3,1.75,189,132,60,0.98,418,Strength,13.9,3.3,4,1,22.59
40,Female,62.5,1.6,179,155,63,1.28,635,HIIT,17.5,2.7,3,1,24.35
23,Female,54.9,1.6,197,170,72,0.82,422,HIIT,13.5,3.3,5,2,21.36
26,Female,65.8,1.58,194,163,58,1.4,906,HIIT,28.8,3.6,5,2,26.31
18,Female,80.7,1.77,201,168,53,1.88,1480,HIIT,12.1,3.1,4,3,25.7
18,Male,84.6,1.83,201,94,60,0.94,217,Yoga,25.2,2.2,3,1,25.25
18,Male,64.4,1.82,202,165,63,1.48,925,HIIT,10.7,2.9,2,2,19.51
22,Female,58.7,1.69,198,93,45,1.91,285,Yoga,27.8,2.8,6,3,20.52
28,Male,83.5,1.76,192,148,66,1.4,956,Cardio,15.4,1.4,3,1,27.11
53,Male,76.5,1.82,166,117,69,0.99,464,Cardio,23.1,2.0,4,1,23.16
28,Male,78.4,1.77,192,149,49,1.12,659,Cardio,22.1,3.4,3,1,25.0
35,Female,69.3,1.59,185,132,61,1.15,500,Cardio,22.2,1.9,6,1,27.51
21,Male,82.5,1.81,198,107,62,1.06,315,Pilates,19.6,2.7,4,2,25.21
22,Female,57.8,1.64,197,88,72,1.26,186,Yoga,24.3,3.4,3,1,21.41
36,Male,54.8,1.78,183,138,63,1.19,368,Strength,17.8,2.5,5,2,17.38
29,Male,84.7,1.71,191,128,65,1.09,498,Strength,27.2,3.1,3,1,28.92
46,Male,87.7,1.7,174,126,59,1.41,892,Cardio,22.7,2.1,2,3,30.24
40,Male,95.5,1.81,179,128,61,1.3,686,Strength,16.0,2.9,3,2,29.24
54,Female,76.4,1.64,167,88,56,1.57,413,Pilates,13.0,2.7,4,3,28.31
18,Male,63.3,1.81,202,157,53,1.27,836,HIIT,18.2,2.2,5,2,19.35
36,Female,85.3,1.57,184,79,47,1.69,387,Yoga,21.6,2.7,3,3,34.5
26,Male,50.0,1.73,194,154,45,1.5,545,Cardio,26.2,2.3,5,3,16.72
70,Female,53.9,1.56,150,100,45,1.12,313,Strength,10.0,3.1,5,3,22.13
25,Female,51.4,1.68,195,142,56,1.87,558,Strength,16.0,2.7,4,2,18.28
39,Male,124.6,1.86,179,149,59,1.34,1623,HIIT,19.6,3.9,4,2,36.19
54,Male,57.1,1.73,166,109,70,1.62,550,Strength,16.3,2.7,4,1,19.16
35,Female,51.1,1.67,184,75,78,0.89,123,Yoga,26.1,2.9,4,1,18.24
50,Male,50.0,1.75,170,117,70,2.02,542,Strength,24.1,1.6,4,1,16.23
35,Male,78.3,1.76,185,167,53,1.32,977,HIIT,26.8,2.2,4,2,25.34
37,Male,92.0,1.77,182,144,47,1.71,1544,HIIT,25.2,1.9,4,3,29.5
42,Female,59.9,1.72,178,135,56,1.91,895,Cardio,13.4,3.1,3,3,20.36
19,Male,85.0,1.72,201,90,47,2.05,488,Yoga,19.3,2.9,3,3,28.63
33,Female,62.7,1.65,185,106,50,1.05,208,Pilates,20.5,2.6,3,3,22.94
18,Male,65.8,1.7,201,158,69,0.99,614,HIIT,19.4,3.2,3,3,22.77
18,Female,55.5,1.59,202,108,64,1.5,289,Pilates,17.7,3.9,4,1,21.9
50,Female,46.7,1.76,171,93,55,0.89,150,Pilates,22.6,3.0,3,2,15.14
39,Male,66.1,1.72,180,105,56,0.89,213,Pilates,19.1,2.5,5,1,22.35
32,Male,91.2,1.63,188,120,48,1.32,840,Strength,17.4,2.2,5,2,34.18
18,Male,90.8,1.67,202,140,70,1.61,953,Strength,10.6,1.7,3,3,32.53
54,Female,52.9,1.62,165,71,63,0.54,88,Yoga,26.5,1.3,5,2,20.09
55,Female,73.2,1.66,164,123,66,0.93,568,Cardio,18.2,2.5,3,3,26.72
49,Male,100.9,1.8,169,146,62,0.92,767,HIIT,17.6,1.2,3,2,31.1
40,Female,79.5,1.58,179,100,58,1.42,398,Pilates,22.6,3.0,3,2,31.94
54,Male,119.1,1.7,165,115,49,1.74,1417,Cardio,16.2,1.5,3,2,41.14
27,Male,79.6,1.74,192,144,54,0.92,347,Strength,23.6,2.0,4,1,26.42
18,Female,61.2,1.62,202,88,68,0.92,181,Yoga,23.7,1.7,5,1,23.41
51,Male,58.7,1.82,167,128,52,1.52,537,Strength,14.0,1.7,4,3,17.79
18,Male,53.9,1.82,202,144,51,1.57,543,Strength,24.3,3.6,3,3,16.21
43,Female,86.7,1.7,175,112,62,0.8,434,Strength,15.0,2.4,4,1,30.04
44,Male,94.7,1.72,175,101,56,1.56,614,Pilates,13.0,0.9,4,2,32.11
41,Female,63.8,1.62,177,154,56,1.59,979,HIIT,20.0,2.1,2,2,24.2
30,Male,74.7,1.71,190,78,45,1.42,282,Yoga,13.7,4.1,5,2,25.66
29,Male,60.3,1.67,189,163,53,2.23,1034,HIIT,13.8,1.5,2,3,21.64
36,Female,67.0,1.71,184,124,54,0.9,336,Strength,18.3,2.2,5,1,22.97
27,Female,51.0,1.7,193,107,61,0.8,165,Pilates,31.0,3.4,5,1,17.55
56,Male,62.5,1.65,164,90,63,1.66,419,Pilates,16.6,3.3,2,3,22.84
30,Female,68.3,1.7,190,158,59,1.23,847,HIIT,24.9,2.0,2,2,23.57
25,Female,76.0,1.61,195,155,68,1.67,1148,HIIT,22.9,1.8,3,2,29.17
40,Male,80.8,1.69,181,79,63,1.74,399,Yoga,21.4,1.7,3,1,28.37
38,Male,64.5,1.72,183,129,57,0.81,355,Strength,15.0,3.2,4,1,21.7
41,Female,76.8,1.64,178,159,66,1.49,975,HIIT,22.2,2.4,5,3,28.56
37,Male,95.2,1.79,183,153,56,1.99,1562,HIIT,10.8,2.2,4,3,29.78
44,Female,68.3,1.62,175,84,76,1.56,330,Yoga,18.1,3.0,2,1,26.02
39,Female,45.6,1.6,180,114,71,1.23,352,Cardio,13.9,2.5,4,2,17.74
34,Female,64.8,1.72,186,128,62,1.34,627,Cardio,20.9,2.3,3,1,21.93
28,Male,87.6,1.64,192,131,75,1.32,601,Strength,14.4,2.6,4,2,32.75
47,Male,91.6,1.72,173,83,61,1.85,498,Yoga,15.2,2.9,3,2,30.99
38,Male,104.3,1.71,181,142,49,1.31,956,Cardio,25.3,1.6,3,1,35.46
18,Female,76.4,1.72,202,181,60,1.25,968,HIIT,22.5,2.1,3,2,25.84
24,Female,75.3,1.66,195,165,57,1.85,1354,HIIT,13.2,3.6,2,3,27.18
25,Male,83.1,1.84,194,99,67,0.55,155,Pilates,14.1,1.8,2,1,24.55
28,Male,50.1,1.75,191,137,63,1.58,481,Strength,18.3,2.8,3,3,16.34
41,Male,89.2,1.77,179,133,60,1.59,1101,Cardio,12.9,2.8,4,2,28.37
37,Female,64.0,1.55,183,123,55,1.33,432,Strength,23.1,1.2,2,2,26.5
34,Male,58.4,1.73,185,80,48,1.63,316,Yoga,26.1,2.5,2,2,19.56
22,Female,64.9,1.69,198,131,73,1.42,583,Strength,22.0,3.0,5,1,22.78
28,Male,81.4,1.76,191,137,65,1.9,1189,Cardio,21.3,1.4,2,2,26.31
21,Female,75.5,1.56,198,139,65,0.99,389,Strength,13.7,3.3,3,2,30.81
29,Male,120.7,1.8,191,140,60,1.53,948,Strength,20.3,2.2,4,1,37.22
23,Female,41.4,1.64,198,95,69,1.2,149,Yoga,22.6,2.8,4,2,15.41
37,Female,65.6,1.69,183,145,51,1.47,911,HIIT,24.6,3.3,4,1,22.99
29,Female,56.5,1.69,191,169,56,1.11,572,HIIT,26.6,2.4,5,2,19.75
46,Male,83.1,1.89,173,115,65,1.33,817,Cardio,20.5,3.0,2,1,23.24
30,Male,59.4,1.76,189,166,54,1.05,568,HIIT,19.7,2.0,5,1,19.25
21,Female,75.4,1.51,199,144,48,1.25,593,Strength,31.7,3.3,4,1,33.14
21,Female,41.1,1.7,198,159,56,0.91,307,HIIT,20.1,2.5,4,2,14.27
18,Male,86.6,1.61,202,132,58,2.01,943,Strength,24.1,2.7,2,3,33.26
37,Female,42.9,1.59,183,150,53,1.33,375,Cardio,12.6,3.3,3,1,17.04
18,Male,107.6,1.81,202,178,54,1.65,1762,HIIT,15.2,2.3,3,2,32.94
25,Male,89.4,1.68,195,144,45,1.42,846,Strength,15.5,2.1,2,3,31.79
31,Male,99.9,1.89,188,168,57,1.35,999,HIIT,19.4,3.4,3,3,28.01
24,Male,99.8,1.8,195,138,65,1.73,889,Strength,24.5,1.4,3,1,30.87
54,Female,57.9,1.69,166,130,61,0.99,487,HIIT,22.3,2.7,3,1,20.4
22,Female,78.4,1.72,198,146,55,1.4,722,Strength,14.3,2.6,3,2,26.43
27,Male,80.5,1.81,193,158,66,1.29,906,HIIT,12.7,2.9,3,3,24.6
36,Female,67.0,1.66,183,130,53,1.02,499,Cardio,25.9,1.7,3,1,24.19
36,Male,106.9,1.67,183,123,56,1.29,821,Strength,14.8,2.3,3,3,38.19
25,Male,79.7,1.75,195,83,69,1.49,332,Yoga,27.3,2.9,4,1,26.18
39,Male,76.6,1.81,181,97,70,0.74,198,Pilates,13.2,3.4,3,1,23.32
33,Male,50.7,1.76,187,150,59,1.55,649,HIIT,6.2,2.3,3,2,16.4
43,Male,84.0,1.77,177,74,49,1.5,386,Yoga,14.5,2.9,2,2,26.67
57,Male,99.5,1.7,163,127,66,1.25,845,Cardio,22.0,2.6,3,2,34.34
45,Male,93.2,1.77,174,72,56,1.61,505,Yoga,16.2,1.6,4,3,29.85
35,Male,83.3,1.84,184,126,65,1.13,598,Strength,15.1,3.1,6,1,24.57
40,Female,54.5,1.6,179,138,53,1.05,571,HIIT,15.7,2.9,2,3,21.38
18,Male,83.7,1.64,201,123,57,0.85,265,Pilates,16.4,3.5,4,2,30.97
38,Female,76.0,1.67,181,97,62,1.72,559,Pilates,14.4,2.4,4,3,27.33
35,Female,46.7,1.52,182,136,61,1.74,596,Cardio,28.7,2.7,6,3,20.35
47,Male,50.5,1.75,173,139,56,1.85,719,Cardio,7.5,3.2,3,3,16.41
44,Female,43.7,1.68,175,118,59,0.89,243,Strength,11.3,2.7,2,2,15.44
33,Female,51.4,1.6,187,137,69,1.62,547,Strength,23.9,3.0,6,1,20.19
42,Female,66.1,1.66,177,117,66,1.34,609,Strength,13.8,2.2,6,3,24.0
41,Female,61.6,1.77,178,149,63,0.59,336,HIIT,22.0,1.6,5,1,19.67
38,Male,86.0,1.69,180,138,71,1.37,1134,HIIT,15.4,2.9,2,1,30.23
40,Female,59.6,1.6,180,83,52,1.24,214,Yoga,20.1,1.3,2,3,23.25
29,Male,88.2,1.84,190,154,55,1.14,777,Cardio,14.8,2.4,3,2,26.04
45,Male,94.9,1.79,175,82,61,0.83,250,Yoga,12.4,2.0,5,1,29.76
35,Female,70.7,1.64,185,123,64,1.06,436,Strength,20.7,2.4,2,2,26.19
37,Male,88.5,1.78,182,127,78,1.55,801,Strength,18.4,3.0,3,2,27.99
18,Male,70.2,1.72,202,149,45,1.65,644,Strength,17.7,2.7,4,3,23.78
18,Male,54.0,1.83,201,89,75,1.11,173,Yoga,18.3,2.2,4,2,16.15
20,Male,81.4,1.77,199,131,65,1.33,593,Strength,25.3,1.9,4,1,26.01
41,Male,79.9,1.81,178,127,76,0.72,390,Cardio,16.8,1.7,3,1,24.35
41,Male,110.8,1.74,178,152,59,1.48,1618,HIIT,10.1,2.1,2,1,36.77
18,Male,98.3,1.66,201,89,57,0.9,269,Yoga,17.0,2.3,3,2,35.63
33,Female,54.5,1.53,188,135,56,1.56,498,Strength,16.4,1.5,2,3,23.17
33,Male,93.5,1.66,185,124,60,1.51,829,Strength,11.5,3.6,4,1,33.75
23,Male,105.0,1.66,196,141,63,1.16,784,Strength,20.7,2.3,4,2,38.26
35,Female,77.3,1.58,184,143,67,0.85,541,HIIT,18.3,3.3,4,2,30.88
48,Male,109.9,1.59,173,125,59,1.63,1102,Strength,11.9,2.3,3,3,43.37
64,Male,80.1,1.82,155,87,59,1.8,563,Pilates,17.5,1.6,5,3,24.29
47,Male,75.6,1.78,172,143,49,1.32,988,HIIT,18.9,2.5,4,2,23.78
32,Male,67.5,1.69,187,87,55,1.71,329,Yoga,15.5,1.5,5,3,23.76
18,Male,60.7,1.77,202,114,55,1.4,332,Pilates,16.5,3.2,3,2,19.31
41,Female,58.4,1.69,179,151,65,1.22,678,HIIT,24.3,2.7,6,1,20.44
57,Female,83.9,1.6,164,136,66,0.8,556,HIIT,16.7,0.5,4,2,32.76
28,Male,90.5,1.65,193,143,60,2.11,1635,Cardio,18.3,2.7,5,2,33.1
36,Male,75.4,1.59,183,85,57,1.72,368,Yoga,25.3,2.5,2,2,29.96
21,Male,88.4,1.84,199,142,57,0.79,380,Strength,9.2,1.7,5,2,26.09
48,Female,60.9,1.57,171,82,73,1.42,238,Yoga,19.2,3.2,3,3,24.73
38,Male,100.7,1.73,182,122,58,1.5,1235,Cardio,25.0,2.8,6,2,33.81
18,Male,70.7,1.77,202,167,59,1.43,759,HIIT,12.6,1.4,4,2,22.55
38,Male,58.9,1.78,182,155,65,1.35,780,HIIT,33.5,2.1,5,2,18.6
27,Male,71.6,1.79,193,166,45,1.22,968,HIIT,23.4,2.5,3,2,22.39
50,Female,79.1,1.59,168,128,70,1.57,876,Cardio,10.8,1.9,4,2,31.45
23,Female,64.2,1.68,197,168,63,1.35,848,HIIT,22.3,3.4,3,2,22.84
19,Male,91.5,1.72,201,140,69,0.89,570,Strength,24.6,3.1,3,1,30.87
40,Male,80.5,1.81,178,130,66,1.2,651,Strength,15.8,2.4,3,2,24.65
22,Female,59.7,1.67,198,128,61,1.15,408,Strength,18.8,3.4,4,1,21.38
42,Male,67.7,1.71,177,134,52,0.84,385,Cardio,19.7,2.5,4,1,23.11
36,Male,58.4,1.75,184,86,55,1.34,187,Yoga,12.5,2.6,4,2,19.12
41,Male,85.5,1.83,178,132,45,1.47,683,Cardio,16.9,2.2,5,1,25.52
18,Male,86.3,1.74,202,173,59,1.85,1330,HIIT,18.4,2.2,2,2,28.46
18,Male,71.2,1.68,202,92,61,1.36,306,Yoga,22.4,3.1,2,2,25.21
18,Female,50.3,1.76,201,136,62,0.96,280,Strength,20.5,1.8,5,1,16.17
24,Male,56.2,1.82,196,160,56,1.27,466,Cardio,8.2,2.5,3,2,16.96
25,Female,71.4,1.69,195,91,65,1.7,381,Yoga,23.1,3.3,5,1,24.88
26,Male,99.9,1.69,194,106,66,1.51,619,Pilates,17.6,2.5,3,2,35.0
44,Female,58.6,1.55,175,118,57,1.2,402,Strength,21.0,3.6,6,2,24.4
27,Female,62.0,1.66,193,83,64,1.19,253,Yoga,21.9,3.1,5,1,22.62
24,Female,52.3,1.59,196,84,59,1.36,224,Yoga,22.0,2.9,3,2,20.67
18,Male,86.5,1.79,201,130,64,1.96,935,Strength,22.7,3.7,2,2,27.07
36,Male,78.3,1.81,184,130,48,1.14,548,Strength,29.3,2.2,5,2,23.78
34,Male,84.3,1.78,184,129,65,1.2,537,Strength,16.6,1.4,3,1,26.61
39,Female,84.1,1.62,180,74,52,0.37,105,Yoga,22.3,2.2,4,2,32.18
52,Male,89.3,1.8,169,135,52,1.16,994,HIIT,13.4,2.6,4,1,27.7
63,Female,76.9,1.7,158,113,55,1.23,602,Strength,17.2,2.2,2,2,26.47
