source,workout_type,intensity,click,complete
fitbit,Strength,0.6145833333333334,1,0
fitbit,Yoga,0.425531914893617,1,0
fitbit,Strength,0.6972972972972973,1,0
fitbit,Cardio,0.7062146892655368,1,0
fitbit,Strength,0.6965174129353234,0,1
fitbit,Strength,0.6965174129353234,0,1
fitbit,Yoga,0.42328042328042326,1,0
fitbit,Strength,0.6335078534031413,1,0
fitbit,Yoga,0.40594059405940597,0,0
fitbit,HIIT,0.8693467336683417,0,1
fitbit,Cardio,0.7374301675977654,0,0
fitbit,Yoga,0.42777777777777776,0,0
fitbit,Yoga,0.41361256544502617,0,0
fitbit,Strength,0.6483516483516484,1,0
fitbit,Strength,0.6881188118811881,1,0
fitbit,Yoga,0.4032258064516129,0,0
fitbit,Yoga,0.4175824175824176,1,0
fitbit,Strength,0.7055837563451777,0,0
fitbit,Strength,0.6735751295336787,0,0
fitbit,Yoga,0.4207920792079208,1,0
fitbit,Yoga,0.4010152284263959,1,1
fitbit,Yoga,0.42245989304812837,1,0
fitbit,Yoga,0.4207920792079208,1,0
fitbit,Yoga,0.41116751269035534,0,0
fitbit,Strength,0.6717948717948717,1,0
fitbit,Strength,0.6368421052631579,0,0
fitbit,Cardio,0.6492146596858639,0,0
fitbit,Strength,0.6994818652849741,1,0
fitbit,Cardio,0.678391959798995,0,0
fitbit,Strength,0.6820512820512821,0,0
fitbit,Strength,0.6632653061224489,0,0
fitbit,Yoga,0.40594059405940597,0,0
fitbit,Cardio,0.7167630057803468,1,1
fitbit,HIIT,0.9161676646706587,0,1
fitbit,Yoga,0.4010989010989011,1,0
fitbit,Yoga,0.391304347826087,0,0
fitbit,Strength,0.6881720430107527,0,0
fitbit,Strength,0.7090909090909091,0,0
fitbit,Cardio,0.75,0,0
fitbit,Cardio,0.7150537634408602,0,0
fitbit,Strength,0.6737967914438503,1,1
fitbit,Strength,0.6868686868686869,1,0
fitbit,Strength,0.6580310880829016,0,0
fitbit,Cardio,0.7191011235955056,0,0
fitbit,Strength,0.7185929648241206,1,0
fitbit,Strength,0.7029702970297029,1,0
fitbit,Cardio,0.7228915662650602,1,0
fitbit,Cardio,0.7135416666666666,1,0
fitbit,Cardio,0.7237569060773481,1,1
fitbit,Strength,0.6486486486486487,0,0
fitbit,Yoga,0.4044943820224719,0,1
fitbit,Yoga,0.41379310344827586,0,0
fitbit,Strength,0.6705202312138728,1,0
fitbit,Cardio,0.7068062827225131,1,0
fitbit,Cardio,0.678391959798995,1,0
fitbit,Strength,0.7074468085106383,1,0
fitbit,Cardio,0.7119565217391305,1,0
fitbit,Strength,0.6861702127659575,0,0
fitbit,Strength,0.7,1,1
fitbit,HIIT,0.8351063829787234,0,1
fitbit,Strength,0.6532663316582915,0,0
fitbit,Strength,0.6704545454545454,0,0
fitbit,HIIT,0.8564356435643564,1,0
fitbit,Strength,0.7164948453608248,0,1
fitbit,Cardio,0.73224043715847,0,0
fitbit,Strength,0.6878306878306878,1,0
fitbit,Strength,0.6740331491712708,1,1
fitbit,Strength,0.6923076923076923,0,0
fitbit,Cardio,0.6972972972972973,0,0
fitbit,Cardio,0.6839378238341969,1,0
fitbit,HIIT,0.8291457286432161,1,0
fitbit,Strength,0.6593406593406593,0,0
fitbit,Cardio,0.6685393258426966,0,1
fitbit,Strength,0.7227722772277227,0,0
fitbit,Strength,0.7333333333333333,1,0
fitbit,Strength,0.6388888888888888,1,1
fitbit,Yoga,0.44808743169398907,1,1
fitbit,Strength,0.6974358974358974,0,0
fitbit,Cardio,0.7415730337078652,0,1
fitbit,Cardio,0.7021276595744681,1,1
fitbit,Cardio,0.7361963190184049,0,0
fitbit,Cardio,0.7228260869565217,1,0
fitbit,Strength,0.6453488372093024,1,0
fitbit,Cardio,0.7046632124352331,0,0
fitbit,HIIT,0.8716577540106952,1,0
fitbit,Cardio,0.7225130890052356,0,1
fitbit,HIIT,0.9488636363636364,1,1
fitbit,HIIT,0.8556701030927835,0,0
fitbit,Yoga,0.3979591836734694,0,0
fitbit,HIIT,0.8941798941798942,1,0
fitbit,Strength,0.6685393258426966,0,0
fitbit,Yoga,0.4484848484848485,0,0
fitbit,Cardio,0.7277486910994765,1,0
fitbit,Cardio,0.7213930348258707,0,0
fitbit,Cardio,0.7135135135135136,0,0
fitbit,Strength,0.6868686868686869,1,0
fitbit,Strength,0.6569767441860465,1,0
fitbit,Yoga,0.425414364640884,0,0
fitbit,Yoga,0.42424242424242425,0,0
fitbit,Strength,0.6590909090909091,0,0
fitbit,Strength,0.6720430107526881,1,0
fitbit,Yoga,0.39378238341968913,0,0
fitbit,Strength,0.594059405940594,0,0
fitbit,Yoga,0.4166666666666667,0,0
fitbit,Strength,0.675531914893617,0,0
fitbit,Strength,0.717948717948718,1,0
fitbit,HIIT,0.8159203980099502,1,0
fitbit,Cardio,0.693069306930693,0,0
fitbit,Cardio,0.7,1,0
fitbit,Strength,0.6633663366336634,1,0
fitbit,Cardio,0.7055555555555556,1,0
fitbit,Yoga,0.3956043956043956,0,0
fitbit,Strength,0.6867469879518072,1,0
fitbit,Yoga,0.391304347826087,1,0
fitbit,Cardio,0.6647727272727273,1,1
fitbit,HIIT,0.8917525773195877,0,0
fitbit,Strength,0.7023809523809523,0,0
fitbit,Strength,0.6881188118811881,0,0
fitbit,Cardio,0.6666666666666666,1,0
fitbit,Cardio,0.7081081081081081,0,0
fitbit,Yoga,0.391304347826087,1,0
fitbit,Strength,0.7021276595744681,1,0
fitbit,Yoga,0.42196531791907516,0,0
fitbit,Cardio,0.7021276595744681,1,0
fitbit,HIIT,0.8076923076923077,0,1
fitbit,Strength,0.6820512820512821,0,1
fitbit,Cardio,0.746031746031746,0,0
fitbit,Cardio,0.676923076923077,0,0
fitbit,Cardio,0.764102564102564,0,0
fitbit,Yoga,0.4230769230769231,1,0
fitbit,HIIT,0.9055555555555556,1,1
fitbit,Yoga,0.40804597701149425,1,1
fitbit,Yoga,0.43646408839779005,1,0
fitbit,Strength,0.7225433526011561,1,0
fitbit,Yoga,0.44554455445544555,1,1
fitbit,HIIT,0.8351063829787234,0,1
fitbit,Yoga,0.4270833333333333,1,0
fitbit,Yoga,0.4020618556701031,0,1
fitbit,Yoga,0.39378238341968913,1,0
fitbit,Yoga,0.42777777777777776,0,0
fitbit,Strength,0.6766169154228856,1,0
fitbit,Strength,0.732620320855615,0,0
fitbit,Yoga,0.425531914893617,1,0
fitbit,Yoga,0.4207920792079208,0,0
fitbit,Yoga,0.4292929292929293,0,1
fitbit,Yoga,0.400990099009901,0,0
fitbit,Strength,0.6435643564356436,1,1
fitbit,Strength,0.7074468085106383,1,0
fitbit,Yoga,0.41081081081081083,1,0
fitbit,Strength,0.73224043715847,0,1
fitbit,Strength,0.6733668341708543,1,1
fitbit,HIIT,0.8602150537634409,0,1
fitbit,Strength,0.6647398843930635,1,0
fitbit,Strength,0.6470588235294118,0,0
fitbit,Yoga,0.40404040404040403,0,0
fitbit,HIIT,0.8842105263157894,0,0
fitbit,Strength,0.675,1,1
fitbit,Cardio,0.7277486910994765,1,0
fitbit,HIIT,0.898989898989899,1,0
fitbit,Cardio,0.7551020408163265,0,0
fitbit,Yoga,0.39378238341968913,1,0
fitbit,Cardio,0.7083333333333334,0,0
fitbit,Cardio,0.7183908045977011,1,0
fitbit,Yoga,0.3791208791208791,1,0
fitbit,Strength,0.6931216931216931,1,0
fitbit,Strength,0.6467661691542289,0,0
fitbit,Strength,0.594059405940594,1,1
fitbit,Strength,0.6486486486486487,1,1
fitbit,Yoga,0.41081081081081083,0,0
fitbit,HIIT,0.9947643979057592,0,0
fitbit,Cardio,0.7696629213483146,1,1
fitbit,Yoga,0.41361256544502617,1,1
fitbit,Cardio,0.7326732673267327,0,0
fitbit,HIIT,0.8978494623655914,0,0
fitbit,HIIT,0.8162162162162162,1,0
fitbit,Cardio,0.7167630057803468,0,0
fitbit,Strength,0.6752577319587629,0,0
fitbit,Yoga,0.4098360655737705,0,0
fitbit,Cardio,0.7128205128205128,0,0
fitbit,HIIT,0.8652849740932642,1,0
fitbit,Strength,0.7011494252873564,0,0
fitbit,HIIT,0.898936170212766,0,0
fitbit,Strength,0.7135416666666666,0,0
fitbit,Cardio,0.7614213197969543,1,0
fitbit,Cardio,0.7412935323383084,1,0
fitbit,Strength,0.7225130890052356,0,1
fitbit,Strength,0.680628272251309,0,1
fitbit,Strength,0.6831683168316832,0,1
fitbit,HIIT,0.8532608695652174,0,1
fitbit,Cardio,0.7470588235294118,0,1
fitbit,Cardio,0.7119565217391305,0,0
fitbit,Strength,0.6666666666666666,1,0
fitbit,Strength,0.7029702970297029,1,0
fitbit,Cardio,0.7183908045977011,1,0
fitbit,Strength,0.6949152542372882,1,1
fitbit,Cardio,0.7068965517241379,0,0
fitbit,Strength,0.6863905325443787,0,0
fitbit,Strength,0.6666666666666666,1,1
fitbit,Yoga,0.3979591836734694,1,1
fitbit,HIIT,0.856353591160221,0,0
fitbit,Strength,0.6648936170212766,0,0
fitbit,Cardio,0.7098445595854922,0,0
fitbit,Strength,0.6338797814207651,1,1
fitbit,Yoga,0.43315508021390375,0,1
fitbit,Cardio,0.7062146892655368,0,0
fitbit,Cardio,0.6759776536312849,0,0
fitbit,Cardio,0.7228260869565217,1,0
fitbit,Strength,0.7029702970297029,1,1
fitbit,Cardio,0.6685393258426966,1,0
fitbit,Strength,0.7120418848167539,0,0
fitbit,Cardio,0.7237569060773481,1,0
fitbit,Cardio,0.7457627118644068,1,1
fitbit,Strength,0.6368159203980099,1,0
fitbit,Strength,0.6853932584269663,0,0
fitbit,Yoga,0.40414507772020725,1,0
fitbit,Cardio,0.7409326424870466,1,0
fitbit,Cardio,0.6831683168316832,0,1
fitbit,Strength,0.6932515337423313,1,0
fitbit,Strength,0.7,1,0
fitbit,Cardio,0.7032967032967034,0,0
fitbit,Strength,0.7078651685393258,0,0
fitbit,Yoga,0.4375,0,0
fitbit,HIIT,0.925531914893617,0,0
fitbit,Yoga,0.39378238341968913,1,0
fitbit,Cardio,0.7159090909090909,0,1
fitbit,HIIT,0.8602150537634409,0,0
fitbit,Yoga,0.4233128834355828,1,0
fitbit,Strength,0.6763005780346821,1,0
fitbit,Cardio,0.6666666666666666,0,0
fitbit,Strength,0.6666666666666666,0,0
fitbit,Yoga,0.4166666666666667,1,0
fitbit,Cardio,0.7282608695652174,0,0
fitbit,Cardio,0.75,0,0
fitbit,Cardio,0.7288135593220338,1,0
fitbit,HIIT,0.8910891089108911,1,0
fitbit,Yoga,0.41025641025641024,0,0
fitbit,Cardio,0.7158469945355191,1,0
fitbit,Strength,0.657608695652174,1,0
fitbit,HIIT,0.8162162162162162,1,0
fitbit,HIIT,0.8435754189944135,1,0
fitbit,HIIT,0.9285714285714286,1,0
fitbit,Cardio,0.7446808510638298,1,0
fitbit,Cardio,0.6785714285714286,0,0
fitbit,Yoga,0.4143646408839779,0,0
fitbit,HIIT,0.8351648351648352,0,0
fitbit,HIIT,0.9075144508670521,0,0
fitbit,Cardio,0.7222222222222222,0,0
fitbit,Yoga,0.4010989010989011,1,0
fitbit,Yoga,0.41025641025641024,1,0
fitbit,Strength,0.6629213483146067,1,0
fitbit,Strength,0.6847826086956522,0,0
fitbit,Yoga,0.4120603015075377,1,1
fitbit,HIIT,0.8134715025906736,1,1
fitbit,Yoga,0.4175824175824176,0,0
fitbit,HIIT,0.9171270718232044,0,0
fitbit,Strength,0.7128712871287128,0,0
fitbit,Cardio,0.7189189189189189,1,1
fitbit,HIIT,0.8626373626373627,1,1
fitbit,Cardio,0.7094972067039106,1,1
fitbit,Cardio,0.7142857142857143,1,0
fitbit,Strength,0.6410256410256411,0,1
fitbit,Strength,0.7096774193548387,1,1
fitbit,Strength,0.6740331491712708,1,0
fitbit,Strength,0.6994818652849741,1,1
fitbit,Cardio,0.7614213197969543,0,0
fitbit,Strength,0.6972972972972973,1,0
fitbit,Strength,0.6368159203980099,0,0
fitbit,Cardio,0.7049180327868853,0,0
fitbit,Strength,0.7182320441988951,1,0
fitbit,Strength,0.7073170731707317,0,0
fitbit,Strength,0.7029702970297029,0,0
fitbit,Strength,0.7029702970297029,0,0
fitbit,Strength,0.6335078534031413,1,0
fitbit,Strength,0.6902173913043478,0,1
fitbit,Yoga,0.4166666666666667,0,0
fitbit,Cardio,0.7456647398843931,0,0
fitbit,Strength,0.6451612903225806,1,0
fitbit,Strength,0.7098445595854922,0,1
fitbit,Cardio,0.7049180327868853,0,1
fitbit,Yoga,0.40512820512820513,1,0
fitbit,HIIT,0.8435754189944135,0,0
fitbit,HIIT,0.875,0,0
fitbit,Yoga,0.4126984126984127,1,0
fitbit,Cardio,0.7202072538860104,0,0
fitbit,Yoga,0.4175824175824176,0,0
fitbit,Yoga,0.400990099009901,1,0
fitbit,Strength,0.6892655367231638,0,0
fitbit,Strength,0.6878306878306878,0,0
fitbit,Cardio,0.6741573033707865,1,0
fitbit,HIIT,0.9947643979057592,1,0
fitbit,Strength,0.6720430107526881,1,0
fitbit,Cardio,0.7182320441988951,0,0
fitbit,Cardio,0.7315789473684211,1,0
fitbit,Cardio,0.7472527472527473,1,0
fitbit,Strength,0.7172774869109948,1,0
fitbit,Cardio,0.7119565217391305,1,0
fitbit,Cardio,0.7178217821782178,0,0
fitbit,HIIT,0.9195402298850575,0,0
fitbit,Strength,0.7202072538860104,0,0
fitbit,Strength,0.7011494252873564,1,0
fitbit,HIIT,0.8695652173913043,1,0
fitbit,Cardio,0.708994708994709,0,0
fitbit,Cardio,0.7081081081081081,0,0
fitbit,HIIT,0.8556701030927835,0,0
fitbit,Strength,0.6863905325443787,0,0
fitbit,HIIT,0.8813559322033898,0,0
fitbit,HIIT,0.8910891089108911,1,0
fitbit,Cardio,0.6831683168316832,1,0
fitbit,HIIT,0.9,0,0
fitbit,HIIT,0.9101123595505618,1,0
fitbit,Strength,0.7094972067039106,0,0
fitbit,Strength,0.7243243243243244,1,0
fitbit,HIIT,0.900497512437811,1,1
fitbit,HIIT,0.898936170212766,0,0
fitbit,Cardio,0.7219251336898396,0,0
fitbit,HIIT,0.8626373626373627,0,0
fitbit,Yoga,0.41968911917098445,0,1
fitbit,Strength,0.6994818652849741,0,0
fitbit,Strength,0.6649746192893401,0,1
fitbit,Strength,0.7052631578947368,1,0
fitbit,Strength,0.6702702702702703,1,0
fitbit,Cardio,0.705,0,0
fitbit,Strength,0.6865671641791045,1,0
fitbit,Strength,0.6789473684210526,0,0
fitbit,Cardio,0.7446808510638298,1,1
fitbit,Cardio,0.676923076923077,1,0
fitbit,Cardio,0.7540106951871658,1,0
fitbit,Strength,0.6875,1,0
fitbit,HIIT,0.9055555555555556,0,0
fitbit,HIIT,0.86,0,0
fitbit,Yoga,0.39572192513368987,0,1
fitbit,Cardio,0.7680412371134021,1,1
fitbit,Yoga,0.4381443298969072,1,0
fitbit,HIIT,0.898936170212766,0,1
fitbit,Cardio,0.7606382978723404,0,0
fitbit,Yoga,0.41081081081081083,1,0
fitbit,Cardio,0.7168674698795181,0,0
fitbit,Strength,0.7109826589595376,0,1
fitbit,Strength,0.7105263157894737,1,1
fitbit,HIIT,0.851063829787234,1,1
fitbit,Strength,0.6470588235294118,1,1
fitbit,Strength,0.7105263157894737,0,1
fitbit,Strength,0.6994818652849741,0,0
fitbit,Strength,0.696969696969697,1,0
fitbit,HIIT,0.8058823529411765,0,1
fitbit,Strength,0.6188118811881188,0,0
fitbit,Strength,0.6858638743455497,0,0
fitbit,Cardio,0.7295918367346939,0,0
fitbit,Cardio,0.7307692307692307,1,0
fitbit,Strength,0.7225433526011561,1,0
fitbit,Cardio,0.7282608695652174,1,1
fitbit,Yoga,0.4030612244897959,0,0
fitbit,Cardio,0.7336956521739131,0,1
fitbit,Strength,0.6574585635359116,0,0
fitbit,HIIT,0.877906976744186,1,0
fitbit,Strength,0.6648936170212766,1,0
fitbit,Cardio,0.6785714285714286,1,0
fitbit,Cardio,0.7158469945355191,1,0
fitbit,HIIT,0.9285714285714286,1,1
fitbit,Strength,0.7128205128205128,1,0
fitbit,Yoga,0.41954022988505746,0,0
fitbit,Strength,0.6444444444444445,1,0
fitbit,Yoga,0.39664804469273746,1,0
fitbit,Cardio,0.6966292134831461,0,1
fitbit,HIIT,0.8724489795918368,0,0
fitbit,HIIT,0.8811881188118812,0,0
fitbit,Cardio,0.7661691542288557,0,0
fitbit,Strength,0.609375,0,1
fitbit,Cardio,0.7227722772277227,1,0
fitbit,Strength,0.7167630057803468,0,0
fitbit,Strength,0.6270270270270271,1,0
fitbit,Strength,0.6878306878306878,1,1
fitbit,Cardio,0.7228260869565217,1,0
fitbit,Cardio,0.7461928934010152,0,1
fitbit,Strength,0.6978021978021978,0,0
fitbit,Yoga,0.42196531791907516,0,0
fitbit,Cardio,0.7142857142857143,1,1
fitbit,Yoga,0.4329268292682927,1,1
fitbit,HIIT,0.8588235294117647,1,1
fitbit,Cardio,0.7157360406091371,0,0
fitbit,Strength,0.6961325966850829,1,0
fitbit,Cardio,0.7172774869109948,1,0
fitbit,HIIT,0.8729281767955801,0,1
fitbit,Cardio,0.7614213197969543,0,0
fitbit,Cardio,0.676923076923077,0,0
fitbit,Strength,0.6551724137931034,1,1
fitbit,Cardio,0.7157360406091371,1,0
fitbit,Cardio,0.7178217821782178,1,1
fitbit,Yoga,0.425531914893617,0,0
fitbit,HIIT,0.8367346938775511,0,0
fitbit,Strength,0.6972972972972973,0,0
fitbit,Cardio,0.7055555555555556,0,0
fitbit,Cardio,0.7307692307692307,0,1
fitbit,HIIT,0.856353591160221,0,0
fitbit,Strength,0.6353591160220995,1,0
fitbit,Strength,0.6683168316831684,1,1
fitbit,Strength,0.6382978723404256,1,1
fitbit,Yoga,0.425414364640884,0,0
fitbit,Yoga,0.425531914893617,0,0
fitbit,Cardio,0.7680412371134021,0,0
fitbit,Strength,0.6842105263157895,1,0
fitbit,Yoga,0.4176470588235294,1,0
fitbit,Strength,0.675,1,1
fitbit,Yoga,0.43783783783783786,0,0
fitbit,Yoga,0.42196531791907516,0,0
fitbit,Cardio,0.7068062827225131,0,0
fitbit,Strength,0.6532663316582915,0,0
fitbit,Yoga,0.4207920792079208,0,0
fitbit,Strength,0.609375,0,0
fitbit,Cardio,0.7202072538860104,1,0
fitbit,Cardio,0.7472527472527473,0,0
fitbit,HIIT,0.8366336633663366,1,0
fitbit,HIIT,0.8366336633663366,0,0
fitbit,Yoga,0.4020618556701031,1,0
fitbit,Cardio,0.7183908045977011,1,0
fitbit,Yoga,0.4166666666666667,1,0
fitbit,Cardio,0.7055555555555556,0,0
fitbit,Strength,0.6453488372093024,1,0
fitbit,Cardio,0.6855670103092784,1,0
fitbit,Cardio,0.7100591715976331,0,0
fitbit,Strength,0.7180851063829787,1,0
fitbit,Strength,0.6368421052631579,0,0
fitbit,Cardio,0.7202072538860104,1,0
fitbit,Cardio,0.7680412371134021,1,0
fitbit,Yoga,0.42328042328042326,0,0
fitbit,Cardio,0.6704545454545454,0,0
fitbit,Yoga,0.39086294416243655,0,0
fitbit,Yoga,0.39378238341968913,1,0
fitbit,Strength,0.7037037037037037,1,0
fitbit,Strength,0.6685393258426966,0,0
fitbit,Cardio,0.7277227722772277,1,0
fitbit,Cardio,0.7474747474747475,1,0
fitbit,Yoga,0.4010152284263959,0,0
fitbit,Strength,0.7323232323232324,1,0
fitbit,Cardio,0.7202072538860104,1,0
fitbit,Yoga,0.4484848484848485,1,0
fitbit,HIIT,0.8717948717948718,0,0
fitbit,Yoga,0.4,1,0
fitbit,Yoga,0.39361702127659576,0,0
fitbit,Strength,0.6931216931216931,1,0
fitbit,Cardio,0.7029702970297029,1,0
fitbit,Cardio,0.6839378238341969,0,0
fitbit,Yoga,0.4098360655737705,0,0
fitbit,Strength,0.6145833333333334,1,0
fitbit,Yoga,0.418848167539267,0,0
fitbit,Cardio,0.6830601092896175,1,0
fitbit,Cardio,0.7212121212121212,1,0
fitbit,Yoga,0.4221105527638191,0,0
fitbit,Yoga,0.4098360655737705,0,0
fitbit,HIIT,0.925531914893617,1,0
fitbit,Strength,0.7078651685393258,1,0
fitbit,Yoga,0.4375,0,0
fitbit,Strength,0.6386138613861386,0,0
fitbit,Strength,0.609375,0,0
fitbit,Yoga,0.43646408839779005,0,0
fitbit,Strength,0.6590909090909091,0,0
fitbit,Yoga,0.4207920792079208,0,0
fitbit,Yoga,0.4105263157894737,1,0
fitbit,HIIT,0.95,1,0
fitbit,Cardio,0.7180851063829787,1,0
fitbit,Strength,0.7172774869109948,1,0
fitbit,Yoga,0.41711229946524064,1,0
fitbit,Yoga,0.4044943820224719,0,0
fitbit,Strength,0.6834170854271356,0,0
fitbit,Yoga,0.4207650273224044,0,0
fitbit,Yoga,0.4126984126984127,0,1
fitbit,Strength,0.7222222222222222,1,0
fitbit,Cardio,0.7297297297297297,0,0
fitbit,Yoga,0.40804597701149425,0,0
fitbit,Strength,0.6766169154228856,0,0
fitbit,Yoga,0.40217391304347827,0,0
fitbit,HIIT,0.8920454545454546,1,0
fitbit,Strength,0.6820512820512821,1,0
fitbit,Cardio,0.7134831460674157,0,1
fitbit,Yoga,0.4444444444444444,0,0
fitbit,Strength,0.6338797814207651,1,1
fitbit,Cardio,0.6972972972972973,0,1
fitbit,Strength,0.6875,1,0
fitbit,Yoga,0.4044943820224719,1,0
fitbit,HIIT,0.8064516129032258,1,0
fitbit,HIIT,0.8729281767955801,0,0
fitbit,Strength,0.6368159203980099,0,0
fitbit,Cardio,0.7227722772277227,1,0
fitbit,HIIT,0.8263157894736842,1,1
fitbit,Yoga,0.4213197969543147,0,0
fitbit,Strength,0.7029702970297029,1,0
fitbit,Strength,0.7,0,1
fitbit,Yoga,0.425531914893617,0,0
fitbit,HIIT,0.8366336633663366,1,1
fitbit,HIIT,0.8435754189944135,0,1
fitbit,HIIT,0.8628571428571429,1,0
fitbit,Strength,0.6408839779005525,0,0
fitbit,Cardio,0.7158469945355191,1,0
fitbit,Strength,0.6881188118811881,1,1
fitbit,Cardio,0.7105263157894737,1,0
fitbit,Cardio,0.7028571428571428,0,1
fitbit,Yoga,0.4213197969543147,0,0
fitbit,HIIT,0.819672131147541,1,0
fitbit,Strength,0.7112299465240641,1,0
fitbit,Cardio,0.7212121212121212,0,0
fitbit,Cardio,0.7049180327868853,1,0
fitbit,Strength,0.6850828729281768,0,0
fitbit,Cardio,0.7025641025641025,0,0
fitbit,Cardio,0.774869109947644,1,0
fitbit,Strength,0.681592039800995,0,0
fitbit,Cardio,0.72,1,0
fitbit,Yoga,0.4,0,0
fitbit,HIIT,0.8457446808510638,0,0
fitbit,HIIT,0.8674033149171271,0,0
fitbit,HIIT,0.9488636363636364,1,0
fitbit,Strength,0.6188118811881188,1,0
fitbit,HIIT,0.9166666666666666,0,0
fitbit,Cardio,0.6906077348066298,1,0
fitbit,Cardio,0.7346938775510204,0,0
fitbit,Cardio,0.7195121951219512,0,0
fitbit,Yoga,0.42424242424242425,1,0
fitbit,Cardio,0.7638190954773869,0,0
fitbit,Yoga,0.4158415841584158,1,0
fitbit,Cardio,0.6839378238341969,1,0
fitbit,Cardio,0.7244897959183674,1,0
fitbit,Strength,0.6910994764397905,0,0
fitbit,Yoga,0.4120603015075377,0,0
fitbit,HIIT,0.8795811518324608,1,0
fitbit,Strength,0.6823529411764706,1,0
fitbit,Yoga,0.42574257425742573,0,0
fitbit,Strength,0.7105263157894737,0,0
fitbit,Strength,0.6839378238341969,1,0
fitbit,Strength,0.6704545454545454,0,0
fitbit,Strength,0.680628272251309,0,1
fitbit,Strength,0.6616161616161617,1,0
fitbit,Yoga,0.418848167539267,0,0
fitbit,HIIT,0.8626373626373627,1,0
fitbit,Cardio,0.7272727272727273,0,0
fitbit,Strength,0.6875,0,0
fitbit,Cardio,0.7178217821782178,0,0
fitbit,Strength,0.651685393258427,0,1
fitbit,Cardio,0.7032967032967034,0,0
fitbit,Strength,0.7052631578947368,0,0
fitbit,Strength,0.6269430051813472,0,0
fitbit,Yoga,0.4010152284263959,1,0
fitbit,Cardio,0.7446808510638298,1,0
fitbit,Strength,0.7231638418079096,0,1
fitbit,Yoga,0.40414507772020725,1,1
fitbit,Strength,0.675,0,0
fitbit,Yoga,0.4010152284263959,1,0
fitbit,Cardio,0.7415730337078652,0,1
fitbit,Strength,0.6590909090909091,1,0
fitbit,Strength,0.675,0,1
fitbit,Cardio,0.7135416666666666,1,0
fitbit,HIIT,0.8775510204081632,1,0
fitbit,Yoga,0.4270833333333333,0,0
fitbit,HIIT,0.8532608695652174,1,0
fitbit,Cardio,0.6666666666666666,0,1
fitbit,Strength,0.6898395721925134,1,0
fitbit,Cardio,0.7365591397849462,1,0
fitbit,Cardio,0.6649214659685864,1,0
fitbit,Strength,0.7032967032967034,1,0
fitbit,Cardio,0.7142857142857143,1,1
fitbit,Cardio,0.7474747474747475,0,0
fitbit,Yoga,0.436046511627907,1,0
fitbit,Yoga,0.40414507772020725,0,0
fitbit,Cardio,0.7121212121212122,0,0
fitbit,Yoga,0.40782122905027934,1,0
fitbit,HIIT,0.9044943820224719,1,0
fitbit,Cardio,0.7472527472527473,0,0
fitbit,Strength,0.6612903225806451,0,0
fitbit,Yoga,0.4143646408839779,0,0
fitbit,Yoga,0.39086294416243655,1,0
fitbit,Yoga,0.4176470588235294,1,0
fitbit,Cardio,0.7415730337078652,1,0
fitbit,Yoga,0.4444444444444444,1,0
fitbit,Yoga,0.38613861386138615,1,0
fitbit,Cardio,0.6649214659685864,0,0
fitbit,Strength,0.7225433526011561,0,0
fitbit,Cardio,0.7361963190184049,0,0
fitbit,Cardio,0.7446808510638298,0,1
fitbit,Yoga,0.41208791208791207,0,0
fitbit,Cardio,0.6881720430107527,1,0
fitbit,Yoga,0.4504950495049505,0,0
fitbit,Cardio,0.7157360406091371,1,0
fitbit,Cardio,0.7105263157894737,1,0
fitbit,Cardio,0.7282051282051282,0,0
fitbit,Yoga,0.4504950495049505,0,0
fitbit,Strength,0.6708860759493671,1,0
fitbit,Yoga,0.39378238341968913,0,0
fitbit,Strength,0.7052631578947368,0,0
fitbit,Strength,0.6633663366336634,1,0
fitbit,Strength,0.7032967032967034,1,0
fitbit,Strength,0.6631016042780749,1,0
fitbit,Cardio,0.7244897959183674,0,0
fitbit,Strength,0.6994535519125683,1,0
fitbit,Strength,0.6544502617801047,1,0
fitbit,Strength,0.6494845360824743,0,0
fitbit,Cardio,0.7537688442211056,0,0
fitbit,Strength,0.6666666666666666,1,0
fitbit,Strength,0.7365591397849462,0,0
fitbit,HIIT,0.8118811881188119,1,0
fitbit,Strength,0.6994818652849741,1,0
fitbit,Cardio,0.6909090909090909,1,0
fitbit,Cardio,0.7178217821782178,0,0
fitbit,HIIT,0.9171270718232044,0,0
fitbit,HIIT,0.8762376237623762,0,0
fitbit,Strength,0.7227722772277227,1,0
fitbit,Cardio,0.7119565217391305,0,0
fitbit,Yoga,0.43646408839779005,1,0
fitbit,Strength,0.6717948717948717,1,0
fitbit,Cardio,0.6492146596858639,0,0
fitbit,Yoga,0.39378238341968913,0,0
fitbit,Strength,0.7074468085106383,0,0
fitbit,Strength,0.6752577319587629,0,0
fitbit,Cardio,0.6795580110497238,1,0
fitbit,Yoga,0.44148936170212766,0,0
fitbit,Cardio,0.6954314720812182,1,0
fitbit,HIIT,0.7848837209302325,0,0
fitbit,Strength,0.6649484536082474,0,0
fitbit,HIIT,0.8206521739130435,1,0
fitbit,Yoga,0.4306930693069307,1,0
fitbit,Cardio,0.7158469945355191,0,0
fitbit,Strength,0.6564102564102564,1,0
fitbit,Cardio,0.7415730337078652,1,0
fitbit,Strength,0.6494845360824743,0,0
fitbit,Strength,0.6683168316831684,1,1
fitbit,Strength,0.7202380952380952,0,0
fitbit,Cardio,0.6779661016949152,1,1
fitbit,Yoga,0.4010152284263959,1,1
fitbit,HIIT,0.8502673796791443,0,1
fitbit,Cardio,0.7241379310344828,0,0
fitbit,Strength,0.6932515337423313,0,0
fitbit,Cardio,0.7182320441988951,1,0
fitbit,Cardio,0.7193877551020408,0,0
fitbit,Yoga,0.4484848484848485,0,1
fitbit,Cardio,0.7068062827225131,0,0
fitbit,Yoga,0.4166666666666667,1,0
fitbit,Cardio,0.708994708994709,1,1
fitbit,Cardio,0.7178217821782178,1,1
fitbit,HIIT,0.89937106918239,1,1
fitbit,Cardio,0.708994708994709,1,1
fitbit,HIIT,0.8842105263157894,0,0
fitbit,Strength,0.69,0,1
fitbit,Yoga,0.4126984126984127,0,0
fitbit,Strength,0.659217877094972,0,0
fitbit,HIIT,0.8594594594594595,1,0
fitbit,HIIT,0.8146067415730337,1,0
fitbit,Cardio,0.7225130890052356,0,0
fitbit,Yoga,0.4367816091954023,1,0
fitbit,Cardio,0.7134831460674157,0,0
fitbit,Strength,0.6793478260869565,1,1
fitbit,Strength,0.7317073170731707,1,0
fitbit,Yoga,0.398989898989899,1,0
fitbit,Yoga,0.4504950495049505,0,0
fitbit,Strength,0.7011494252873564,0,1
fitbit,Cardio,0.7213114754098361,0,1
fitbit,HIIT,0.8944444444444445,1,0
fitbit,Cardio,0.7415730337078652,1,0
fitbit,HIIT,0.9428571428571428,0,0
fitbit,Cardio,0.7301587301587301,1,1
fitbit,Cardio,0.7247191011235955,0,1
fitbit,Strength,0.7202380952380952,0,0
fitbit,Strength,0.7,0,0
fitbit,Strength,0.6758241758241759,1,0
fitbit,Cardio,0.7447916666666666,1,0
fitbit,Cardio,0.7212121212121212,1,0
fitbit,Yoga,0.40594059405940597,0,1
fitbit,Strength,0.6386138613861386,1,0
fitbit,Strength,0.6630434782608695,0,0
fitbit,Strength,0.6649746192893401,1,1
fitbit,Cardio,0.7193877551020408,1,0
fitbit,Yoga,0.3956043956043956,1,1
fitbit,Yoga,0.4032258064516129,0,0
fitbit,Cardio,0.7215909090909091,0,0
fitbit,Strength,0.680628272251309,1,1
fitbit,Strength,0.6666666666666666,1,1
fitbit,Strength,0.6759776536312849,0,0
fitbit,HIIT,0.9158415841584159,0,0
fitbit,Cardio,0.7055555555555556,0,0
fitbit,HIIT,0.9148936170212766,0,0
fitbit,Strength,0.6907216494845361,0,0
fitbit,Strength,0.6918604651162791,1,0
fitbit,HIIT,0.8920454545454546,0,0
fitbit,Cardio,0.7346938775510204,1,0
fitbit,Strength,0.680628272251309,0,0
fitbit,Strength,0.7142857142857143,1,0
fitbit,HIIT,0.8865979381443299,1,0
fitbit,HIIT,0.8118811881188119,0,1
fitbit,Strength,0.6683168316831684,0,1
fitbit,Strength,0.6875,0,0
fitbit,Cardio,0.7094972067039106,0,1
fitbit,Strength,0.6222222222222222,0,1
fitbit,HIIT,0.8652849740932642,1,0
fitbit,Strength,0.6494845360824743,1,1
fitbit,HIIT,0.8594594594594595,0,0
fitbit,Strength,0.6683168316831684,0,1
fitbit,HIIT,0.88,0,0
fitbit,HIIT,0.8829787234042553,1,0
fitbit,Strength,0.6861702127659575,0,0
fitbit,Strength,0.6875,1,0
fitbit,HIIT,0.8762376237623762,0,0
fitbit,Strength,0.7191011235955056,1,0
fitbit,Strength,0.656084656084656,1,0
fitbit,Strength,0.6808510638297872,1,1
fitbit,Strength,0.7055837563451777,0,0
fitbit,HIIT,0.95,0,1
fitbit,HIIT,0.8775510204081632,0,1
fitbit,Cardio,0.7180851063829787,1,0
fitbit,HIIT,0.8956043956043956,1,1
fitbit,Cardio,0.7287234042553191,1,0
fitbit,Cardio,0.7087912087912088,1,0
fitbit,Strength,0.7029702970297029,1,0
fitbit,Strength,0.6633663366336634,0,0
fitbit,Cardio,0.7461928934010152,0,1
fitbit,HIIT,0.78125,0,0
fitbit,Strength,0.6612903225806451,1,0
fitbit,Cardio,0.7272727272727273,1,0
fitbit,Cardio,0.7055555555555556,1,0
fitbit,Strength,0.7037037037037037,1,0
fitbit,Strength,0.6867469879518072,1,0
fitbit,Yoga,0.4065934065934066,1,0
fitbit,Yoga,0.4010989010989011,0,0
fitbit,Strength,0.6666666666666666,0,0
fitbit,Strength,0.6290322580645161,1,1
fitbit,Strength,0.7362637362637363,1,0
fitbit,Strength,0.6494845360824743,1,1
fitbit,Strength,0.6785714285714286,0,1
fitbit,Strength,0.6683937823834197,0,1
fitbit,Strength,0.7128205128205128,0,0
fitbit,Strength,0.6823529411764706,0,0
fitbit,Yoga,0.40782122905027934,0,0
fitbit,Yoga,0.40512820512820513,1,0
fitbit,HIIT,0.8383838383838383,0,0
fitbit,Cardio,0.72,1,1
fitbit,Cardio,0.673469387755102,0,0
fitbit,HIIT,0.8588235294117647,0,0
fitbit,Cardio,0.6927083333333334,0,1
fitbit,HIIT,0.8064516129032258,1,0
fitbit,Cardio,0.7447916666666666,0,1
fitbit,Cardio,0.7614213197969543,1,0
fitbit,Strength,0.702247191011236,1,0
fitbit,Strength,0.680628272251309,1,0
fitbit,Cardio,0.7150537634408602,1,0
fitbit,Cardio,0.7415730337078652,0,0
fitbit,Cardio,0.7105263157894737,1,1
fitbit,Yoga,0.4207920792079208,0,1
fitbit,Cardio,0.7415730337078652,0,1
fitbit,Strength,0.7074468085106383,0,0
fitbit,Yoga,0.4105263157894737,0,0
fitbit,Cardio,0.7231638418079096,0,0
fitbit,Cardio,0.6850828729281768,0,0
fitbit,Cardio,0.6666666666666666,0,0
fitbit,Strength,0.609375,0,0
fitbit,Cardio,0.6647727272727273,1,0
fitbit,Strength,0.7172774869109948,0,0
fitbit,Yoga,0.44554455445544555,0,0
fitbit,Yoga,0.38421052631578945,0,0
fitbit,Yoga,0.39572192513368987,0,0
fitbit,Yoga,0.3977272727272727,0,0
fitbit,Yoga,0.4143646408839779,0,0
fitbit,Strength,0.6666666666666666,0,0
fitbit,Cardio,0.7213114754098361,0,0
fitbit,Cardio,0.7354497354497355,1,0
fitbit,Yoga,0.40512820512820513,1,0
fitbit,Strength,0.7120418848167539,0,0
fitbit,Yoga,0.41089108910891087,0,0
fitbit,Cardio,0.7258064516129032,0,0
fitbit,Yoga,0.4044943820224719,0,0
fitbit,Cardio,0.7582417582417582,0,0
fitbit,Cardio,0.7421052631578947,0,0
fitbit,Yoga,0.41379310344827586,0,0
fitbit,Strength,0.6875,1,0
fitbit,Cardio,0.7447916666666666,0,0
fitbit,Yoga,0.4,1,0
fitbit,Yoga,0.43646408839779005,0,0
fitbit,Cardio,0.7142857142857143,0,0
fitbit,Cardio,0.7206703910614525,0,0
fitbit,Yoga,0.41968911917098445,0,0
fitbit,Yoga,0.44148936170212766,0,0
fitbit,Yoga,0.41208791208791207,0,0
fitbit,Strength,0.6949152542372882,0,0
fitbit,HIIT,0.9411764705882353,0,0
fitbit,Yoga,0.41025641025641024,1,0
fitbit,Strength,0.6648936170212766,0,0
fitbit,HIIT,0.8461538461538461,0,0
fitbit,Strength,0.6878306878306878,1,0
fitbit,Strength,0.6683168316831684,1,0
fitbit,Cardio,0.7537688442211056,1,0
fitbit,Strength,0.6494845360824743,1,0
fitbit,Strength,0.6733668341708543,0,0
fitbit,Yoga,0.4213197969543147,1,0
fitbit,Strength,0.6918604651162791,0,0
fitbit,Cardio,0.723404255319149,0,0
fitbit,HIIT,0.8114285714285714,1,0
fitbit,Strength,0.6649746192893401,1,0
fitbit,Strength,0.6936416184971098,1,0
fitbit,Cardio,0.7178217821782178,0,0
fitbit,Strength,0.6702127659574468,0,0
fitbit,Cardio,0.7374301675977654,0,0
fitbit,Cardio,0.7393939393939394,1,0
fitbit,Yoga,0.4124293785310734,0,0
fitbit,Yoga,0.425,0,0
fitbit,Cardio,0.7172774869109948,1,0
fitbit,Strength,0.7074468085106383,1,0
fitbit,HIIT,0.907608695652174,0,0
fitbit,Cardio,0.6789473684210526,0,0
fitbit,Cardio,0.7421052631578947,1,0
fitbit,Yoga,0.40594059405940597,0,0
fitbit,Strength,0.6505376344086021,1,0
fitbit,Strength,0.6594594594594595,1,0
fitbit,Strength,0.688622754491018,0,0
fitbit,Cardio,0.7176470588235294,1,0
fitbit,Yoga,0.39664804469273746,1,0
fitbit,Yoga,0.43646408839779005,0,0
fitbit,Yoga,0.40404040404040403,1,0
fitbit,Yoga,0.42574257425742573,0,0
fitbit,Strength,0.6188118811881188,0,0
fitbit,Yoga,0.43010752688172044,1,0
fitbit,Strength,0.6349206349206349,1,0
fitbit,HIIT,0.8064516129032258,0,0
fitbit,Cardio,0.678391959798995,0,0
fitbit,Yoga,0.41968911917098445,1,0
fitbit,Strength,0.6739130434782609,1,0
fitbit,Strength,0.69375,0,0
fitbit,Strength,0.6564102564102564,0,0
fitbit,Yoga,0.3968253968253968,1,0
fitbit,Yoga,0.4052631578947368,0,0
fitbit,Cardio,0.7461928934010152,1,0
fitbit,Yoga,0.4336734693877551,1,0
fitbit,HIIT,0.8206521739130435,1,0
fitbit,Cardio,0.7447916666666666,1,0
fitbit,Cardio,0.6881720430107527,0,0
fitbit,Yoga,0.4198895027624309,0,0
fitbit,Yoga,0.43386243386243384,0,0
fitbit,Cardio,0.7,1,0
fitbit,Yoga,0.43386243386243384,0,0
fitbit,Yoga,0.3977272727272727,1,0
fitbit,Strength,0.736318407960199,1,0
fitbit,Strength,0.675,0,0
fitbit,Yoga,0.42245989304812837,0,0
fitbit,Strength,0.681592039800995,0,0
fitbit,Yoga,0.4143646408839779,1,0
fitbit,HIIT,0.824468085106383,1,0
fitbit,HIIT,0.8556701030927835,1,0
fitbit,Yoga,0.40217391304347827,1,0
fitbit,Cardio,0.6927083333333334,0,0
fitbit,HIIT,0.8857142857142857,1,0
fitbit,Strength,0.6766169154228856,1,0
fitbit,Yoga,0.41208791208791207,0,0
fitbit,Strength,0.6839378238341969,0,0
fitbit,Cardio,0.7119565217391305,1,0
fitbit,Yoga,0.3910891089108911,1,0
fitbit,Strength,0.675,0,0
fitbit,Cardio,0.678391959798995,1,0
fitbit,Strength,0.6785714285714286,1,0
fitbit,Cardio,0.7680412371134021,0,0
fitbit,Strength,0.6502732240437158,1,1
fitbit,Yoga,0.43315508021390375,0,0
fitbit,Yoga,0.4088397790055249,0,0
fitbit,Cardio,0.7227722772277227,0,1
fitbit,HIIT,0.8864864864864865,0,0
fitbit,Yoga,0.4105263157894737,1,0
fitbit,Strength,0.6861702127659575,0,0
fitbit,HIIT,0.8615384615384616,0,1
fitbit,Yoga,0.41578947368421054,1,0
fitbit,Yoga,0.39664804469273746,1,0
fitbit,Yoga,0.4444444444444444,0,0
fitbit,Strength,0.6528497409326425,1,0
fitbit,Yoga,0.4318181818181818,0,1
fitbit,Strength,0.6589595375722543,0,1
fitbit,Cardio,0.7634408602150538,0,0
fitbit,Strength,0.6590909090909091,0,0
fitbit,Strength,0.6783625730994152,0,1
fitbit,HIIT,0.8114285714285714,1,0
fitbit,Yoga,0.40555555555555556,1,0
fitbit,Cardio,0.73224043715847,1,0
fitbit,Yoga,0.41361256544502617,0,1
fitbit,HIIT,0.8159203980099502,0,0
fitbit,Cardio,0.7580645161290323,1,0
fitbit,Strength,0.7120418848167539,1,0
fitbit,Yoga,0.41025641025641024,0,0
fitbit,HIIT,0.819672131147541,0,0
fitbit,Yoga,0.42424242424242425,1,0
fitbit,Yoga,0.40860215053763443,0,0
fitbit,Cardio,0.7409326424870466,0,0
fitbit,Cardio,0.65625,1,1
fitbit,Cardio,0.7374301675977654,1,1
fitbit,Strength,0.6735751295336787,1,1
fitbit,Yoga,0.44148936170212766,1,0
fitbit,Strength,0.6494845360824743,0,0
fitbit,Yoga,0.41711229946524064,0,1
fitbit,Strength,0.6302083333333334,0,0
fitbit,Strength,0.6630434782608695,1,1
fitbit,Yoga,0.4117647058823529,1,0
fitbit,Cardio,0.7551020408163265,1,0
fitbit,Yoga,0.4030612244897959,0,0
fitbit,Yoga,0.4065934065934066,1,0
fitbit,Strength,0.6918604651162791,0,0
fitbit,Strength,0.675,1,0
fitbit,Yoga,0.4088397790055249,0,1
fitbit,Strength,0.6939890710382514,0,0
fitbit,Strength,0.7021276595744681,0,0
fitbit,Yoga,0.40217391304347827,0,0
fitbit,Strength,0.7011494252873564,1,0
fitbit,Cardio,0.6492146596858639,1,0
fitbit,Cardio,0.6785714285714286,0,1
fitbit,HIIT,0.8762376237623762,1,0
fitbit,Strength,0.6727272727272727,1,1
fitbit,HIIT,0.9166666666666666,0,1
fitbit,Strength,0.6963350785340314,0,0
fitbit,Strength,0.680628272251309,0,1
fitbit,Strength,0.7225433526011561,0,0
fitbit,Cardio,0.7415730337078652,0,0
fitbit,Cardio,0.7415730337078652,1,0
fitbit,Strength,0.6834170854271356,0,0
fitbit,HIIT,0.8201058201058201,0,1
fitbit,Cardio,0.7228260869565217,0,1
fitbit,Strength,0.6810810810810811,1,0
fitbit,Cardio,0.6666666666666666,0,1
fitbit,Cardio,0.7128712871287128,0,0
fitbit,Strength,0.6847826086956522,0,0
fitbit,Strength,0.6716417910447762,1,0
fitbit,HIIT,0.8633879781420765,0,1
fitbit,Strength,0.6740331491712708,1,0
fitbit,Cardio,0.7297297297297297,1,0
fitbit,Cardio,0.6804733727810651,1,0
fitbit,Cardio,0.7354497354497355,1,0
fitbit,Cardio,0.7425742574257426,1,0
fitbit,Strength,0.6505376344086021,0,0
fitbit,Cardio,0.7580645161290323,0,0
fitbit,HIIT,0.8201058201058201,1,0
fitbit,Yoga,0.4336734693877551,1,1
fitbit,Cardio,0.7183908045977011,1,1
fitbit,Cardio,0.7412935323383084,0,1
f24,Strength,0.7016574585635359,1,0
f24,Pilates,0.5567010309278351,1,1
f24,Strength,0.7430167597765364,0,0
f24,HIIT,0.8378378378378378,1,1
f24,Cardio,0.7894736842105263,1,1
f24,HIIT,0.7910447761194029,1,1
f24,Strength,0.6010928961748634,1,0
f24,Strength,0.7098445595854922,1,1
f24,Pilates,0.5561797752808989,1,1
f24,Strength,0.6307692307692307,1,1
f24,HIIT,0.8917525773195877,1,1
f24,Pilates,0.5449438202247191,0,0
f24,Pilates,0.572139303482587,1,0
f24,HIIT,0.9484536082474226,1,1
f24,Cardio,0.7354497354497355,0,0
f24,Yoga,0.43478260869565216,0,0
f24,Yoga,0.44,0,0
f24,Cardio,0.7243589743589743,1,1
f24,HIIT,0.8497409326424871,1,1
f24,Strength,0.7484662576687117,1,1
f24,Cardio,0.8061224489795918,1,1
f24,Yoga,0.4514285714285714,0,0
f24,Cardio,0.7796610169491526,1,1
f24,HIIT,0.7637362637362637,1,1
f24,Strength,0.7083333333333334,0,0
f24,Strength,0.688622754491018,1,1
f24,Yoga,0.4129353233830846,0,0
f24,Yoga,0.5026737967914439,0,0
f24,Cardio,0.6844919786096256,1,1
f24,HIIT,0.8557213930348259,1,1
f24,Cardio,0.7677419354838709,0,0
f24,Cardio,0.6978021978021978,1,1
f24,Strength,0.7037037037037037,1,0
f24,Yoga,0.4861878453038674,0,0
f24,Strength,0.7159763313609467,1,1
f24,Yoga,0.4521276595744681,0,0
f24,Cardio,0.7590361445783133,0,0
f24,HIIT,0.776536312849162,1,1
f24,Strength,0.7272727272727273,1,1
f24,Cardio,0.8360655737704918,1,1
f24,Strength,0.7471910112359551,1,1
f24,Yoga,0.46534653465346537,0,0
f24,HIIT,0.8296703296703297,1,1
f24,Cardio,0.7759562841530054,1,1
f24,Yoga,0.42162162162162165,0,0
f24,Strength,0.6853932584269663,1,0
f24,HIIT,0.8603351955307262,1,1
f24,HIIT,0.8125,1,0
f24,Yoga,0.44936708860759494,0,0
f24,Strength,0.7417582417582418,0,0
f24,HIIT,0.8723404255319149,1,1
f24,Strength,0.6941176470588235,1,1
f24,Yoga,0.49714285714285716,0,0
f24,HIIT,0.9206349206349206,1,1
f24,HIIT,0.905940594059406,1,1
f24,HIIT,0.8871794871794871,1,1
f24,HIIT,0.8404255319148937,1,0
f24,Cardio,0.788659793814433,1,1
f24,Pilates,0.5872093023255814,1,0
f24,Strength,0.6593406593406593,0,0
f24,Strength,0.7114427860696517,1,1
f24,Cardio,0.7252747252747253,0,0
f24,Cardio,0.6936416184971098,1,0
f24,Strength,0.7177914110429447,1,1
f24,Strength,0.7197802197802198,0,0
f24,Cardio,0.8201058201058201,1,0
f24,Yoga,0.43243243243243246,0,0
f24,HIIT,0.8324022346368715,1,1
f24,Cardio,0.7227722772277227,1,1
f24,Pilates,0.5422885572139303,0,0
f24,HIIT,0.8465346534653465,0,0
f24,Yoga,0.44970414201183434,0,0
f24,Strength,0.6839080459770115,0,0
f24,HIIT,0.9090909090909091,1,1
f24,HIIT,0.91005291005291,1,1
f24,HIIT,0.8042328042328042,1,1
f24,Pilates,0.5449438202247191,0,0
f24,Yoga,0.4530386740331492,0,0
f24,Strength,0.678391959798995,0,0
f24,Pilates,0.5572916666666666,0,0
f24,Yoga,0.4079601990049751,0,0
f24,Cardio,0.7680412371134021,1,0
f24,HIIT,0.8258426966292135,1,1
f24,Pilates,0.5027624309392266,1,0
f24,Pilates,0.5649717514124294,0,0
f24,HIIT,0.798941798941799,1,1
f24,Yoga,0.4336734693877551,0,0
f24,Cardio,0.7283236994219653,1,0
f24,HIIT,0.7936507936507936,1,1
f24,Strength,0.6352941176470588,0,0
f24,HIIT,0.8742857142857143,1,1
f24,HIIT,0.8848167539267016,1,1
f24,Strength,0.6597938144329897,1,1
f24,Strength,0.7727272727272727,1,1
f24,Strength,0.7313432835820896,1,1
f24,HIIT,0.7679558011049724,1,1
f24,Yoga,0.4381443298969072,0,0
f24,Yoga,0.4666666666666667,0,0
f24,HIIT,0.8763440860215054,1,1
f24,Yoga,0.4504950495049505,1,0
f24,Cardio,0.7182320441988951,0,0
f24,HIIT,0.8557213930348259,1,1
f24,Yoga,0.4752475247524752,0,0
f24,HIIT,0.7950310559006211,1,1
f24,Pilates,0.5396039603960396,0,0
f24,Pilates,0.6113989637305699,1,0
f24,Strength,0.656084656084656,1,1
f24,HIIT,0.8535353535353535,1,1
f24,Cardio,0.7043010752688172,1,1
f24,Strength,0.6467661691542289,0,0
f24,Strength,0.7606382978723404,1,1
f24,HIIT,0.8535353535353535,1,1
f24,Strength,0.7037037037037037,1,0
f24,Cardio,0.7524752475247525,1,1
f24,Strength,0.6894736842105263,1,1
f24,Strength,0.632768361581921,0,0
f24,HIIT,0.8059701492537313,1,1
f24,HIIT,0.9217877094972067,1,1
f24,Cardio,0.6989247311827957,0,0
f24,HIIT,0.8085106382978723,0,0
f24,HIIT,0.905,1,1
f24,Pilates,0.575,0,0
f24,Cardio,0.6855345911949685,1,1
f24,HIIT,0.8342541436464088,1,1
f24,HIIT,0.8613861386138614,1,1
f24,Pilates,0.5388888888888889,0,0
f24,HIIT,0.827027027027027,1,1
f24,HIIT,0.7673267326732673,1,1
f24,Cardio,0.6923076923076923,1,1
f24,Strength,0.6421052631578947,0,0
f24,HIIT,0.8540540540540541,1,1
f24,Pilates,0.5187165775401069,0,0
f24,Yoga,0.44,0,0
f24,Strength,0.7243243243243244,0,0
f24,HIIT,0.8695652173913043,1,1
f24,Cardio,0.7287234042553191,1,1
f24,Cardio,0.7253886010362695,1,1
f24,HIIT,0.8811881188118812,1,1
f24,Strength,0.6875,0,0
f24,Strength,0.700507614213198,1,1
f24,Strength,0.7401129943502824,1,1
f24,Pilates,0.518918918918919,0,0
f24,Strength,0.675,1,1
f24,HIIT,0.8277777777777777,1,1
f24,Cardio,0.776595744680851,0,0
f24,Cardio,0.7953216374269005,1,1
f24,Strength,0.6968085106382979,0,0
f24,HIIT,0.8061224489795918,1,0
f24,Cardio,0.7422680412371134,1,1
f24,Cardio,0.7380952380952381,1,1
f24,Cardio,0.7354497354497355,1,1
f24,Cardio,0.7807486631016043,0,0
f24,Pilates,0.5161290322580645,0,0
f24,HIIT,0.8783068783068783,1,1
f24,Strength,0.7134831460674157,0,0
f24,Yoga,0.5056818181818182,0,0
f24,Yoga,0.418848167539267,0,0
f24,Yoga,0.43820224719101125,0,0
f24,HIIT,0.8497109826589595,1,0
f24,HIIT,0.8042328042328042,1,1
f24,Cardio,0.7337278106508875,1,1
f24,Pilates,0.5699481865284974,0,0
f24,Strength,0.6923076923076923,1,1
f24,HIIT,0.8197674418604651,1,1
f24,Cardio,0.7738095238095238,1,1
f24,Strength,0.654054054054054,0,0
f24,Strength,0.6984126984126984,1,0
f24,Strength,0.686046511627907,0,0
f24,Cardio,0.8258426966292135,0,0
f24,HIIT,0.8407960199004975,1,1
f24,Yoga,0.42783505154639173,1,0
f24,Cardio,0.8021978021978022,1,1
f24,Strength,0.6488095238095238,1,1
f24,Strength,0.6881188118811881,1,0
f24,Cardio,0.7512437810945274,1,0
f24,Cardio,0.7433155080213903,1,1
f24,HIIT,0.8406593406593407,1,1
f24,Strength,0.6559139784946236,1,0
f24,Strength,0.6852791878172588,0,0
f24,HIIT,0.8134715025906736,1,1
f24,Yoga,0.4691358024691358,0,0
f24,Yoga,0.4819277108433735,0,0
f24,Strength,0.717391304347826,1,1
f24,Strength,0.6742857142857143,0,0
f24,HIIT,0.85,1,1
f24,Strength,0.6785714285714286,1,0
f24,HIIT,0.9017341040462428,1,1
f24,Yoga,0.4666666666666667,0,0
f24,Pilates,0.5279187817258884,0,0
f24,HIIT,0.8994082840236687,1,1
f24,Pilates,0.5193370165745856,0,0
f24,Cardio,0.785,1,1
f24,Yoga,0.3969849246231156,0,0
f24,HIIT,0.7722772277227723,1,1
f24,HIIT,0.8777777777777778,0,0
f24,Yoga,0.43564356435643564,1,0
f24,HIIT,0.8072916666666666,1,1
f24,Pilates,0.5647668393782384,0,0
f24,Yoga,0.43564356435643564,0,0
f24,Cardio,0.7135416666666666,1,1
f24,Yoga,0.45714285714285713,0,0
f24,Yoga,0.4024390243902439,0,0
f24,Strength,0.6573033707865169,0,0
f24,Cardio,0.7717391304347826,1,0
f24,Strength,0.6684782608695652,0,0
f24,Cardio,0.78,1,1
f24,Strength,0.6883116883116883,0,0
f24,Cardio,0.7553191489361702,1,1
f24,Strength,0.7128205128205128,1,1
f24,Strength,0.7741935483870968,1,1
f24,Strength,0.7303370786516854,1,0
f24,Strength,0.7195767195767195,0,0
f24,HIIT,0.8404907975460123,1,1
f24,Strength,0.6965174129353234,1,1
f24,Yoga,0.4583333333333333,0,0
f24,Strength,0.7164948453608248,1,1
f24,Cardio,0.7654320987654321,1,0
f24,Strength,0.7010869565217391,1,0
f24,Pilates,0.5837837837837838,0,0
f24,Yoga,0.4642857142857143,0,0
f24,HIIT,0.8787878787878788,1,1
f24,Yoga,0.43455497382198954,0,0
f24,Yoga,0.4161849710982659,0,0
f24,HIIT,0.8641304347826086,1,1
f24,Pilates,0.5148514851485149,0,0
f24,Strength,0.69,1,0
f24,Strength,0.7291666666666666,1,1
f24,HIIT,0.8877551020408163,1,1
f24,HIIT,0.8756756756756757,1,1
f24,Cardio,0.6871508379888268,1,1
f24,HIIT,0.8342245989304813,1,1
f24,Pilates,0.5742574257425742,0,0
f24,Strength,0.6666666666666666,0,0
f24,HIIT,0.8350515463917526,1,1
f24,Yoga,0.48663101604278075,0,0
f24,Cardio,0.7358490566037735,0,0
f24,HIIT,0.8168316831683168,1,1
f24,Pilates,0.5370370370370371,0,0
f24,HIIT,0.8369565217391305,1,1
f24,Strength,0.7197802197802198,1,1
f24,HIIT,0.8037974683544303,1,1
f24,Cardio,0.7191011235955056,0,0
f24,HIIT,0.8579545454545454,1,1
f24,HIIT,0.8735632183908046,1,1
f24,Strength,0.7230769230769231,1,1
f24,Strength,0.6964285714285714,0,0
f24,Cardio,0.6938775510204082,1,0
f24,Cardio,0.696969696969697,1,1
f24,HIIT,0.8666666666666667,1,1
f24,Strength,0.6906077348066298,0,0
f24,HIIT,0.8588957055214724,1,1
f24,HIIT,0.8791208791208791,1,1
f24,Cardio,0.715,1,0
f24,Strength,0.6687116564417178,1,1
f24,Strength,0.7311827956989247,1,0
f24,HIIT,0.8842105263157894,0,0
f24,Yoga,0.4263157894736842,0,0
f24,HIIT,0.8295454545454546,1,1
f24,Cardio,0.675392670157068,1,1
f24,Cardio,0.6894736842105263,1,1
f24,Strength,0.7080745341614907,1,0
f24,Strength,0.7076923076923077,1,1
f24,HIIT,0.8020833333333334,1,1
f24,HIIT,0.8,1,1
f24,HIIT,0.8225806451612904,1,1
f24,HIIT,0.8225806451612904,1,1
f24,Strength,0.75,1,0
f24,HIIT,0.8260869565217391,1,1
f24,Cardio,0.702020202020202,1,1
f24,HIIT,0.8512820512820513,1,1
f24,Cardio,0.6853932584269663,1,0
f24,HIIT,0.8557213930348259,1,1
f24,Strength,0.7790055248618785,0,0
f24,Pilates,0.547486033519553,0,0
f24,HIIT,0.8494623655913979,1,1
f24,HIIT,0.7810945273631841,1,1
f24,Cardio,0.7354497354497355,0,0
f24,Cardio,0.7512953367875648,1,1
f24,HIIT,0.8465608465608465,1,1
f24,Strength,0.6534090909090909,0,0
f24,Strength,0.6722222222222223,0,0
f24,Strength,0.6629834254143646,0,0
f24,Strength,0.6936416184971098,1,0
f24,Cardio,0.7209302325581395,1,1
f24,Pilates,0.5485714285714286,0,0
f24,HIIT,0.8861386138613861,1,1
f24,Yoga,0.4648648648648649,0,0
f24,Cardio,0.746268656716418,0,0
f24,Cardio,0.6927083333333334,1,1
f24,Strength,0.6424581005586593,0,0
f24,Cardio,0.6853932584269663,1,0
f24,HIIT,0.893048128342246,1,1
f24,HIIT,0.9253731343283582,1,1
f24,HIIT,0.8429319371727748,1,1
f24,Cardio,0.7759562841530054,1,1
f24,Yoga,0.42934782608695654,0,0
f24,Yoga,0.4853801169590643,1,0
f24,Cardio,0.7058823529411765,1,1
f24,Strength,0.698019801980198,0,0
f24,Pilates,0.5602094240837696,1,1
f24,Cardio,0.7978142076502732,1,1
f24,Cardio,0.7556818181818182,0,0
f24,Strength,0.6352201257861635,0,0
f24,Yoga,0.4457831325301205,0,0
f24,Cardio,0.7673267326732673,1,1
f24,Strength,0.7182320441988951,0,0
f24,HIIT,0.7845303867403315,0,0
f24,Yoga,0.4712041884816754,0,0
f24,Strength,0.7206703910614525,0,0
f24,Strength,0.6577540106951871,0,0
f24,HIIT,0.8666666666666667,1,1
f24,HIIT,0.8571428571428571,1,1
f24,Cardio,0.7528735632183908,1,0
f24,Yoga,0.42696629213483145,0,0
f24,Yoga,0.4723618090452261,0,0
f24,HIIT,0.770949720670391,1,1
f24,Strength,0.7344632768361582,0,0
f24,Cardio,0.78125,1,1
f24,HIIT,0.8507462686567164,1,1
f24,HIIT,0.868421052631579,1,1
f24,Strength,0.7553191489361702,1,0
f24,Yoga,0.44387755102040816,0,0
f24,Yoga,0.46766169154228854,0,0
f24,Pilates,0.5602094240837696,1,0
f24,Strength,0.6632653061224489,1,0
f24,HIIT,0.8308457711442786,1,1
f24,Pilates,0.5698324022346368,0,0
f24,Cardio,0.7860696517412935,1,1
f24,Strength,0.6716417910447762,0,0
f24,HIIT,0.8203592814371258,1,1
f24,HIIT,0.8315217391304348,1,1
f24,Strength,0.6744186046511628,0,0
f24,Cardio,0.7222222222222222,0,0
f24,Cardio,0.8288770053475936,0,0
f24,HIIT,0.8412698412698413,1,1
f24,Cardio,0.7954545454545454,1,1
f24,HIIT,0.8478260869565217,1,1
f24,Strength,0.6910112359550562,0,0
f24,Strength,0.7215909090909091,0,0
f24,HIIT,0.7945945945945946,0,0
f24,Strength,0.6885245901639344,1,0
f24,Yoga,0.4472361809045226,0,0
f24,Yoga,0.4186046511627907,0,0
f24,Strength,0.7215909090909091,1,1
f24,Cardio,0.7415730337078652,1,1
f24,Cardio,0.7,1,1
f24,HIIT,0.7954545454545454,1,1
f24,Pilates,0.5675675675675675,0,0
f24,HIIT,0.8201058201058201,0,0
f24,HIIT,0.838150289017341,1,1
f24,Strength,0.6847826086956522,1,1
f24,Strength,0.7529411764705882,0,0
f24,Yoga,0.44041450777202074,1,0
f24,HIIT,0.7593582887700535,1,1
f24,Strength,0.7448979591836735,0,0
f24,Yoga,0.45544554455445546,0,0
f24,HIIT,0.8704663212435233,1,0
f24,Strength,0.6735751295336787,1,1
f24,HIIT,0.8112244897959183,1,1
f24,Cardio,0.7772020725388601,1,1
f24,Yoga,0.45054945054945056,0,0
f24,HIIT,0.8023255813953488,1,0
f24,Pilates,0.5297029702970297,0,0
f24,HIIT,0.9230769230769231,0,0
f24,HIIT,0.874251497005988,1,1
f24,Pilates,0.543010752688172,0,0
f24,HIIT,0.8617021276595744,1,1
f24,Strength,0.6666666666666666,1,1
f24,Yoga,0.4626865671641791,0,0
f24,HIIT,0.852760736196319,1,1
f24,Cardio,0.7757575757575758,0,0
f24,Yoga,0.4405940594059406,0,0
f24,Strength,0.7222222222222222,0,0
f24,Strength,0.7424242424242424,1,1
f24,Yoga,0.42857142857142855,0,0
f24,Strength,0.6881188118811881,1,0
f24,Strength,0.6480446927374302,1,1
f24,Cardio,0.7788944723618091,1,1
f24,Cardio,0.6797752808988764,1,0
f24,HIIT,0.8677248677248677,1,1
f24,Strength,0.7043010752688172,1,0
f24,Yoga,0.4340659340659341,0,0
f24,Cardio,0.7222222222222222,1,1
f24,Cardio,0.770949720670391,0,0
f24,Yoga,0.4438202247191011,0,0
f24,Pilates,0.5240641711229946,0,0
f24,HIIT,0.8532608695652174,1,1
f24,Cardio,0.7471910112359551,1,1
f24,HIIT,0.8461538461538461,1,1
f24,Cardio,0.8186813186813187,1,1
f24,Cardio,0.7305699481865285,0,0
f24,Cardio,0.7301587301587301,1,1
f24,Strength,0.7336956521739131,0,0
f24,HIIT,0.7794871794871795,1,1
f24,HIIT,0.8191489361702128,1,1
f24,Cardio,0.7647058823529411,1,0
f24,HIIT,0.8534031413612565,1,1
f24,HIIT,0.8426395939086294,1,1
f24,Pilates,0.48863636363636365,0,0
f24,HIIT,0.8333333333333334,1,1
f24,Strength,0.7475247524752475,0,0
f24,Strength,0.7424242424242424,1,1
f24,Yoga,0.4262295081967213,0,0
f24,Strength,0.676923076923077,1,1
f24,Cardio,0.7740112994350282,1,0
f24,Yoga,0.43956043956043955,0,0
f24,Cardio,0.751412429378531,1,1
f24,Cardio,0.7678571428571429,1,1
f24,Yoga,0.43617021276595747,0,0
f24,Strength,0.7208121827411168,1,1
f24,Cardio,0.7688172043010753,1,1
f24,Yoga,0.45918367346938777,0,0
f24,Cardio,0.7528089887640449,0,0
f24,HIIT,0.8493975903614458,1,1
f24,Cardio,0.736318407960199,1,1
f24,Strength,0.6631578947368421,1,1
f24,HIIT,0.8192090395480226,1,1
f24,Yoga,0.4444444444444444,0,0
f24,Strength,0.6857142857142857,0,0
f24,Yoga,0.41397849462365593,0,0
f24,Strength,0.6914285714285714,1,1
f24,Yoga,0.4308510638297872,0,0
f24,HIIT,0.861878453038674,1,1
f24,HIIT,0.838150289017341,1,1
f24,Cardio,0.7288135593220338,1,1
f24,HIIT,0.8602150537634409,1,1
f24,Cardio,0.7076023391812866,1,1
f24,Cardio,0.8216216216216217,1,1
f24,Strength,0.6804733727810651,1,1
f24,Strength,0.7068062827225131,1,1
f24,Pilates,0.5314285714285715,1,0
f24,HIIT,0.7897435897435897,1,1
f24,HIIT,0.888268156424581,1,1
f24,Strength,0.7938144329896907,0,0
f24,Strength,0.736318407960199,1,1
f24,Strength,0.7472527472527473,1,1
f24,Cardio,0.72,1,1
f24,Strength,0.681592039800995,1,1
f24,HIIT,0.8434343434343434,1,1
f24,Strength,0.7068965517241379,1,1
f24,HIIT,0.8131868131868132,1,1
f24,HIIT,0.8804347826086957,1,1
f24,Strength,0.6257309941520468,0,0
f24,Pilates,0.6111111111111112,0,0
f24,HIIT,0.9427083333333334,1,1
f24,Yoga,0.3910891089108911,0,0
f24,Cardio,0.7461139896373057,1,1
f24,Cardio,0.7158469945355191,1,1
f24,Yoga,0.4329896907216495,0,0
f24,Cardio,0.7554347826086957,1,0
f24,Pilates,0.5544554455445545,0,0
f24,Pilates,0.5664739884393064,0,0
f24,Yoga,0.449438202247191,0,0
f24,Cardio,0.7440476190476191,1,1
f24,Yoga,0.4619289340101523,0,0
f24,Strength,0.654054054054054,1,1
f24,Yoga,0.4644808743169399,0,0
f24,HIIT,0.8076923076923077,1,1
f24,Cardio,0.8023952095808383,1,1
f24,HIIT,0.848314606741573,1,1
f24,HIIT,0.873015873015873,1,1
f24,Strength,0.7150837988826816,1,1
f24,Yoga,0.4489795918367347,0,0
f24,Pilates,0.554140127388535,0,0
f24,Strength,0.6347305389221557,1,1
f24,Strength,0.7103825136612022,1,1
f24,HIIT,0.8118811881188119,1,1
f24,Cardio,0.7241379310344828,1,0
f24,Cardio,0.7692307692307693,1,0
f24,Strength,0.6842105263157895,1,1
f24,Strength,0.6927374301675978,1,1
f24,Cardio,0.7471264367816092,1,0
f24,Strength,0.7014925373134329,0,0
f24,HIIT,0.9289617486338798,1,1
f24,HIIT,0.835820895522388,1,1
f24,Pilates,0.5396825396825397,0,0
f24,Strength,0.7243243243243244,1,1
f24,HIIT,0.8208955223880597,1,1
f24,Strength,0.66,1,1
f24,HIIT,0.8814432989690721,1,1
f24,HIIT,0.8617021276595744,1,1
f24,Strength,0.7777777777777778,1,1
f24,Strength,0.6984126984126984,0,0
f24,Cardio,0.75,0,0
f24,Yoga,0.4521276595744681,0,0
f24,Pilates,0.49714285714285716,1,0
f24,Cardio,0.7417582417582418,1,1
f24,Strength,0.7676767676767676,0,0
f24,Strength,0.7348066298342542,0,0
f24,Strength,0.6892655367231638,1,0
f24,Cardio,0.679144385026738,1,1
f24,Cardio,0.7235294117647059,1,1
f24,Cardio,0.693069306930693,1,1
f24,Yoga,0.425414364640884,0,0
f24,Yoga,0.43010752688172044,0,0
f24,Cardio,0.7225130890052356,0,0
f24,Cardio,0.7247191011235955,1,1
f24,Cardio,0.8072916666666666,0,0
f24,HIIT,0.8282828282828283,1,1
f24,Pilates,0.5157894736842106,0,0
f24,Cardio,0.7929292929292929,1,0
f24,Cardio,0.7914438502673797,1,1
f24,Yoga,0.47282608695652173,0,0
f24,Yoga,0.4463276836158192,0,0
f24,Yoga,0.44886363636363635,0,0
f24,Pilates,0.5271739130434783,1,0
f24,Yoga,0.430939226519337,0,0
f24,HIIT,0.8711340206185567,1,1
f24,Strength,0.7421052631578947,0,0
f24,Cardio,0.7606382978723404,1,1
f24,Yoga,0.4810810810810811,0,0
f24,Cardio,0.8031914893617021,0,0
f24,Cardio,0.7542857142857143,1,1
f24,Cardio,0.8050314465408805,1,1
f24,Strength,0.6740331491712708,1,0
f24,Cardio,0.7446808510638298,1,1
f24,HIIT,0.9162303664921466,1,1
f24,Strength,0.7572254335260116,1,1
f24,Yoga,0.43157894736842106,0,0
f24,Strength,0.6666666666666666,1,1
f24,Strength,0.6809815950920245,1,0
f24,Cardio,0.7417582417582418,0,0
f24,Yoga,0.45549738219895286,0,0
f24,Yoga,0.44148936170212766,0,0
f24,Pilates,0.5594059405940595,0,0
f24,Yoga,0.4425287356321839,0,0
f24,Cardio,0.7837837837837838,1,1
f24,HIIT,0.9144385026737968,1,1
f24,Yoga,0.41818181818181815,0,0
f24,Yoga,0.483695652173913,0,0
f24,Strength,0.6666666666666666,0,0
f24,Yoga,0.4067796610169492,0,0
f24,Yoga,0.4467005076142132,1,0
f24,HIIT,0.8140703517587939,1,1
f24,Strength,0.7011494252873564,1,1
f24,Yoga,0.4336734693877551,0,0
f24,Strength,0.73,1,1
f24,HIIT,0.8359788359788359,1,1
f24,HIIT,0.8305084745762712,1,1
f24,Cardio,0.7336956521739131,0,0
f24,Strength,0.7206703910614525,1,1
f24,HIIT,0.85,1,1
f24,Yoga,0.44751381215469616,0,0
f24,Strength,0.7015706806282722,1,1
f24,HIIT,0.8620689655172413,1,1
f24,Strength,0.6820512820512821,1,1
f24,Strength,0.6867469879518072,0,0
f24,Strength,0.7202380952380952,1,1
f24,Strength,0.7241379310344828,1,1
f24,Strength,0.7213114754098361,0,0
f24,Cardio,0.7716049382716049,0,0
f24,Strength,0.7277227722772277,0,0
f24,Pilates,0.545,0,0
f24,Cardio,0.6994818652849741,1,1
f24,Strength,0.7222222222222222,0,0
f24,Pilates,0.5846153846153846,0,0
f24,HIIT,0.827027027027027,1,1
f24,Cardio,0.7626262626262627,1,1
f24,Strength,0.7096774193548387,1,1
f24,Strength,0.7413793103448276,0,0
f24,HIIT,0.8534031413612565,1,0
f24,Strength,0.7580645161290323,0,0
f24,HIIT,0.8950276243093923,1,1
f24,Pilates,0.5792079207920792,1,1
f24,Cardio,0.7894736842105263,1,1
f24,Pilates,0.5668449197860963,1,0
f24,Pilates,0.5459183673469388,0,0
f24,HIIT,0.9125,1,1
f24,HIIT,0.850828729281768,1,0
f24,Strength,0.6775956284153005,0,0
f24,HIIT,0.8089887640449438,1,1
f24,Yoga,0.4444444444444444,0,0
f24,Cardio,0.6825396825396826,1,0
f24,HIIT,0.7540106951871658,1,1
f24,Cardio,0.7558139534883721,1,1
f24,Strength,0.7193877551020408,1,1
f24,Yoga,0.46766169154228854,0,0
f24,HIIT,0.8706467661691543,1,1
f24,HIIT,0.8877551020408163,1,1
f24,Pilates,0.6237113402061856,0,0
f24,Cardio,0.6987951807228916,1,1
f24,Strength,0.7,1,1
f24,Pilates,0.5618556701030928,1,0
f24,HIIT,0.8168316831683168,1,1
f24,Strength,0.6918918918918919,1,0
f24,HIIT,0.8606965174129353,1,1
f24,Strength,0.7661691542288557,1,1
f24,Strength,0.6850828729281768,1,1
f24,Cardio,0.6789473684210526,1,0
f24,Cardio,0.7611111111111111,1,1
f24,Cardio,0.766497461928934,0,0
f24,Pilates,0.5081967213114754,0,0
f24,HIIT,0.8564102564102564,1,1
f24,HIIT,0.7810945273631841,1,1
f24,Cardio,0.7628865979381443,0,0
f24,HIIT,0.828125,1,1
f24,Strength,0.765625,1,0
f24,Yoga,0.41899441340782123,0,0
f24,Strength,0.7134502923976608,1,1
f24,Pilates,0.5574712643678161,0,0
f24,HIIT,0.8214285714285714,1,1
f24,HIIT,0.7654320987654321,1,1
f24,Strength,0.7329192546583851,1,1
f24,HIIT,0.7947368421052632,1,1
f24,Strength,0.6616915422885572,1,1
f24,Strength,0.7307692307692307,0,0
f24,HIIT,0.7848101265822784,1,1
f24,Cardio,0.7602040816326531,1,1
f24,Cardio,0.7967032967032966,0,0
f24,Cardio,0.7978723404255319,1,1
f24,Pilates,0.5435897435897435,0,0
f24,Yoga,0.40963855421686746,0,0
f24,HIIT,0.8333333333333334,1,1
f24,HIIT,0.8131868131868132,1,1
f24,HIIT,0.9096045197740112,1,1
f24,HIIT,0.9162303664921466,1,1
f24,Strength,0.6571428571428571,1,1
f24,Strength,0.7068062827225131,0,0
f24,HIIT,0.8596491228070176,0,0
f24,Cardio,0.7920792079207921,1,1
f24,Cardio,0.6666666666666666,1,1
f24,HIIT,0.79,1,1
f24,Pilates,0.5277777777777778,0,0
f24,HIIT,0.8223350253807107,1,1
f24,Cardio,0.7987012987012987,1,1
f24,Strength,0.6972972972972973,0,0
f24,Strength,0.6701030927835051,1,1
f24,Yoga,0.4634146341463415,0,0
f24,Cardio,0.7028571428571428,1,1
f24,Yoga,0.4427860696517413,0,0
f24,Cardio,0.7526315789473684,1,1
f24,Cardio,0.786096256684492,1,1
f24,Cardio,0.7672955974842768,1,1
f24,Strength,0.6834170854271356,1,1
f24,HIIT,0.7688442211055276,1,1
f24,Strength,0.6936416184971098,1,0
f24,Pilates,0.517948717948718,0,0
f24,Cardio,0.7486910994764397,1,1
f24,Strength,0.6648351648351648,0,0
f24,Strength,0.6785714285714286,1,1
f24,Cardio,0.6988636363636364,1,0
f24,Yoga,0.45555555555555555,0,0
f24,Strength,0.7244897959183674,1,1
f24,Cardio,0.7966101694915254,1,0
f24,Pilates,0.5425531914893617,0,0
f24,HIIT,0.8693181818181818,1,0
f24,Yoga,0.4157303370786517,0,0
f24,Strength,0.7061855670103093,1,1
f24,HIIT,0.8220858895705522,1,1
f24,Cardio,0.7428571428571429,0,0
f24,Cardio,0.7512953367875648,1,1
f24,Cardio,0.7966101694915254,1,1
f24,Strength,0.6410256410256411,1,1
f24,Strength,0.6927374301675978,1,0
f24,Cardio,0.782608695652174,0,0
f24,Strength,0.7045454545454546,0,0
f24,Pilates,0.5128205128205128,0,0
f24,Yoga,0.47029702970297027,0,0
f24,Pilates,0.5580110497237569,0,0
f24,Cardio,0.7724867724867724,1,1
f24,Strength,0.6744186046511628,0,0
f24,Cardio,0.7671957671957672,0,0
f24,Strength,0.6919191919191919,0,0
f24,Cardio,0.7055555555555556,1,0
f24,Strength,0.6793478260869565,1,1
f24,HIIT,0.7828282828282829,1,1
f24,HIIT,0.8638743455497382,1,1
f24,HIIT,0.8364779874213837,1,1
f24,Yoga,0.47802197802197804,0,0
f24,Strength,0.7091836734693877,0,0
f24,Cardio,0.7735849056603774,1,1
f24,Pilates,0.49489795918367346,1,0
f24,Yoga,0.4387755102040816,0,0
f24,Cardio,0.7180851063829787,1,1
f24,Yoga,0.455,0,0
f24,HIIT,0.8901098901098901,1,1
f24,Pilates,0.5524861878453039,0,0
f24,Yoga,0.41919191919191917,0,0
f24,Cardio,0.7210526315789474,1,1
f24,Strength,0.6666666666666666,1,0
f24,Strength,0.7055214723926381,1,0
f24,Cardio,0.7873563218390804,1,1
f24,Strength,0.6717171717171717,1,1
f24,Pilates,0.5568181818181818,0,0
f24,Strength,0.6544502617801047,1,1
f24,Yoga,0.4482758620689655,0,0
f24,HIIT,0.8265895953757225,1,1
f24,Yoga,0.45604395604395603,0,0
f24,Strength,0.7091836734693877,0,0
f24,Yoga,0.4269005847953216,0,0
f24,Cardio,0.7485029940119761,1,1
f24,Pilates,0.5297029702970297,0,0
f24,Yoga,0.4624277456647399,0,0
f24,HIIT,0.845771144278607,1,1
f24,Strength,0.7277227722772277,1,1
f24,HIIT,0.839572192513369,1,1
f24,HIIT,0.8391959798994975,1,1
f24,HIIT,0.9005847953216374,1,1
f24,Strength,0.6887755102040817,1,1
f24,HIIT,0.8827160493827161,1,0
f24,Cardio,0.7910447761194029,0,0
f24,HIIT,0.8586956521739131,1,1
f24,HIIT,0.8705882352941177,1,1
f24,Yoga,0.4603960396039604,0,0
f24,Strength,0.6614583333333334,1,1
f24,Cardio,0.717391304347826,1,1
f24,Strength,0.6388888888888888,0,0
f24,HIIT,0.7734806629834254,1,1
f24,Yoga,0.46464646464646464,0,0
f24,HIIT,0.8412698412698413,1,1
f24,Cardio,0.7319587628865979,1,1
f24,HIIT,0.8674033149171271,1,1
f24,Strength,0.7446808510638298,1,1
f24,Strength,0.7354497354497355,0,0
f24,Strength,0.6705202312138728,1,1
f24,HIIT,0.8645833333333334,1,1
f24,Cardio,0.7055837563451777,1,1
f24,Cardio,0.7277227722772277,1,1
f24,Yoga,0.4491017964071856,0,0
f24,Cardio,0.7294117647058823,1,1
f24,HIIT,0.7595628415300546,1,0
f24,Strength,0.7011494252873564,1,1
f24,Strength,0.6702127659574468,0,0
f24,Pilates,0.5425531914893617,0,0
f24,Cardio,0.7472527472527473,1,1
f24,Strength,0.7164179104477612,1,1
f24,Strength,0.6481481481481481,1,0
f24,Yoga,0.4606741573033708,0,0
f24,HIIT,0.9104477611940298,1,1
f24,HIIT,0.8650306748466258,1,1
f24,HIIT,0.8586956521739131,1,1
f24,HIIT,0.827027027027027,1,1
f24,Strength,0.75,1,0
f24,Yoga,0.4010416666666667,0,0
f24,Yoga,0.4375,0,0
f24,Yoga,0.47191011235955055,0,0
f24,Strength,0.7191011235955056,1,1
f24,Cardio,0.7083333333333334,1,1
f24,Strength,0.7029702970297029,1,1
f24,Strength,0.6521739130434783,1,1
f24,Strength,0.6839378238341969,1,0
f24,HIIT,0.8168316831683168,1,1
f24,HIIT,0.8608247422680413,1,1
f24,Pilates,0.5614973262032086,0,0
f24,HIIT,0.8670212765957447,1,1
f24,Strength,0.6774193548387096,0,0
f24,Strength,0.6797752808988764,0,0
f24,HIIT,0.8624338624338624,0,0
f24,Strength,0.7218934911242604,1,1
f24,Pilates,0.5291005291005291,0,0
f24,Strength,0.6666666666666666,0,0
f24,Cardio,0.8172043010752689,1,1
f24,Cardio,0.7287234042553191,1,1
f24,Yoga,0.42245989304812837,0,0
f24,HIIT,0.9125,1,1
f24,Yoga,0.4861878453038674,0,0
f24,Strength,0.7377049180327869,1,1
f24,Cardio,0.7106598984771574,1,0
f24,Cardio,0.7326732673267327,0,0
f24,Strength,0.6779661016949152,0,0
f24,HIIT,0.8415841584158416,1,1
f24,Cardio,0.8,1,1
f24,Strength,0.6529411764705882,1,1
f24,Strength,0.6387434554973822,1,1
f24,Strength,0.6582914572864321,1,0
f24,Strength,0.7333333333333333,1,0
f24,Strength,0.7021276595744681,0,0
f24,Cardio,0.8022598870056498,1,0
f24,HIIT,0.8020304568527918,1,1
f24,Pilates,0.545,0,0
f24,HIIT,0.8833333333333333,1,1
f24,Yoga,0.41899441340782123,0,0
f24,Yoga,0.43333333333333335,0,0
f24,HIIT,0.8253012048192772,1,1
f24,Cardio,0.7967914438502673,1,1
f24,Pilates,0.5497382198952879,0,0
f24,Strength,0.679144385026738,0,0
f24,Yoga,0.42328042328042326,0,0
f24,Strength,0.7079207920792079,1,1
f24,Pilates,0.5182926829268293,1,0
f24,Strength,0.6907216494845361,0,0
f24,HIIT,0.8415300546448088,1,1
f24,Strength,0.6939890710382514,1,0
f24,Yoga,0.4603174603174603,0,0
f24,HIIT,0.8138297872340425,1,1
f24,Strength,0.7257142857142858,1,0
f24,HIIT,0.8469387755102041,1,0
f24,Yoga,0.42408376963350786,0,0
f24,Cardio,0.7337278106508875,1,1
f24,HIIT,0.8412698412698413,1,1
f24,Cardio,0.7553191489361702,1,1
f24,Strength,0.7643979057591623,0,0
f24,Strength,0.7039106145251397,1,1
f24,HIIT,0.844311377245509,1,1
f24,Strength,0.6881720430107527,0,0
f24,Cardio,0.6779661016949152,1,1
f24,Cardio,0.7470588235294118,0,0
f24,Strength,0.672514619883041,0,0
f24,Strength,0.6944444444444444,1,1
f24,Yoga,0.467005076142132,0,0
f24,Yoga,0.47191011235955055,0,0
f24,Cardio,0.7288135593220338,1,1
f24,Pilates,0.575,0,0
f24,HIIT,0.8232044198895028,1,1
f24,Yoga,0.45604395604395603,0,0
f24,Yoga,0.44086021505376344,0,0
f24,Strength,0.7268041237113402,0,0
f24,Cardio,0.7910447761194029,1,1
f24,Strength,0.6421052631578947,1,0
f24,HIIT,0.8578947368421053,1,1
f24,Cardio,0.65625,1,1
f24,Yoga,0.4626865671641791,0,0
f24,Strength,0.7193877551020408,0,0
f24,HIIT,0.8407960199004975,1,1
f24,Yoga,0.4627659574468085,0,0
f24,Strength,0.6744186046511628,1,0
f24,Strength,0.7282608695652174,0,0
f24,Strength,0.6931216931216931,1,1
f24,Strength,0.698019801980198,0,0
f24,HIIT,0.8315789473684211,1,1
f24,Cardio,0.7759562841530054,1,1
f24,HIIT,0.8306010928961749,1,0
f24,Yoga,0.45604395604395603,0,0
f24,Cardio,0.7582417582417582,1,0
f24,Pilates,0.5363128491620112,1,0
f24,Cardio,0.7623762376237624,1,0
f24,Cardio,0.7761194029850746,1,1
f24,HIIT,0.8871794871794871,0,0
f24,Cardio,0.7590361445783133,1,1
f24,Cardio,0.7704081632653061,1,1
f24,Strength,0.7257142857142858,1,1
f24,Strength,0.6666666666666666,0,0
f24,Cardio,0.7795698924731183,1,0
f24,Strength,0.6984126984126984,0,0
f24,HIIT,0.8659217877094972,1,1
f24,HIIT,0.8629441624365483,0,0
f24,HIIT,0.8402061855670103,1,1
f24,HIIT,0.835820895522388,1,1
f24,Yoga,0.46766169154228854,0,0
f24,HIIT,0.8168316831683168,1,1
f24,Yoga,0.4696969696969697,0,0
f24,Cardio,0.7708333333333334,1,1
f24,Cardio,0.7048192771084337,0,0
f24,Cardio,0.7760416666666666,1,1
f24,Cardio,0.7135135135135136,0,0
f24,Pilates,0.5404040404040404,0,0
f24,Yoga,0.4467005076142132,0,0
f24,Strength,0.7540983606557377,0,0
f24,Strength,0.6701570680628273,0,0
f24,Cardio,0.7241379310344828,1,1
f24,Strength,0.7150837988826816,1,1
f24,Pilates,0.5269461077844312,0,0
f24,HIIT,0.7772277227722773,1,1
f24,Yoga,0.42934782608695654,0,0
f24,Cardio,0.7938144329896907,1,0
f24,Strength,0.6666666666666666,0,0
f24,Strength,0.7282051282051282,1,0
f24,HIIT,0.8324022346368715,1,1
f24,Strength,0.6566265060240963,1,0
f24,Yoga,0.4076086956521739,0,0
f24,Strength,0.6882352941176471,1,0
f24,HIIT,0.9027027027027027,1,1
f24,HIIT,0.7912087912087912,1,1
f24,Cardio,0.7584269662921348,1,1
f24,Yoga,0.44776119402985076,0,0
f24,Pilates,0.572972972972973,0,0
f24,HIIT,0.7860696517412935,1,1
f24,Pilates,0.5346534653465347,0,0
f24,Pilates,0.543859649122807,0,0
f24,Pilates,0.5833333333333334,0,0
f24,Strength,0.6382978723404256,1,1
f24,Strength,0.693069306930693,1,1
f24,Yoga,0.4303030303030303,0,0
f24,Cardio,0.75,1,0
f24,HIIT,0.863905325443787,1,1
f24,Pilates,0.5586592178770949,0,0
f24,Cardio,0.696969696969697,1,1
f24,Strength,0.75,0,0
f24,Yoga,0.43564356435643564,0,0
f24,Strength,0.7664670658682635,1,0
f24,Strength,0.7128712871287128,1,0
f24,Strength,0.64,0,0
f24,Pilates,0.5771428571428572,1,1
f24,HIIT,0.8700564971751412,1,1
f24,Yoga,0.4105263157894737,0,0
f24,HIIT,0.8624338624338624,1,1
f24,Strength,0.6739130434782609,0,0
f24,Pilates,0.5544041450777202,0,0
f24,Pilates,0.5487804878048781,0,0
f24,HIIT,0.8315789473684211,1,1
f24,HIIT,0.7948717948717948,1,1
f24,Yoga,0.43646408839779005,0,0
f24,Strength,0.7049180327868853,0,0
f24,HIIT,0.8932584269662921,1,1
f24,HIIT,0.8360655737704918,1,1
f24,Yoga,0.48,0,0
f24,Cardio,0.6333333333333333,0,0
f24,Cardio,0.6881720430107527,1,1
f24,Strength,0.6822916666666666,1,1
f24,Yoga,0.4797687861271676,0,0
f24,Cardio,0.7845303867403315,1,1
f24,HIIT,0.8960396039603961,1,1
f24,HIIT,0.8461538461538461,1,1
f24,Pilates,0.5103092783505154,0,0
f24,Strength,0.7172774869109948,0,0
f24,Cardio,0.7430167597765364,1,1
f24,Strength,0.6721311475409836,0,0
f24,Yoga,0.43243243243243246,0,0
f24,Strength,0.6616161616161617,1,0
f24,Cardio,0.7172774869109948,1,1
f24,Strength,0.702020202020202,0,0
f24,Strength,0.7329842931937173,1,1
f24,Yoga,0.4797979797979798,0,0
f24,HIIT,0.7923497267759563,1,1
f24,HIIT,0.8848167539267016,1,0
f24,Cardio,0.6647398843930635,1,1
f24,HIIT,0.8783068783068783,1,0
f24,Strength,0.7236180904522613,1,1
f24,HIIT,0.803030303030303,0,0
f24,Strength,0.6534653465346535,1,1
f24,Cardio,0.819672131147541,0,0
f24,HIIT,0.8811881188118812,1,1
f24,Strength,0.7384615384615385,1,1
f24,HIIT,0.8936170212765957,1,1
f24,Strength,0.7076923076923077,1,1
f24,HIIT,0.7831325301204819,0,0
f24,Strength,0.7373737373737373,1,1
f24,HIIT,0.8186528497409327,1,1
f24,Cardio,0.7103825136612022,0,0
f24,Strength,0.6721311475409836,1,1
f24,Yoga,0.4256410256410256,0,0
f24,Pilates,0.5359116022099447,0,0
f24,HIIT,0.8021390374331551,1,1
f24,Yoga,0.4180790960451977,0,0
f24,Cardio,0.7791411042944786,1,1
f24,Yoga,0.41379310344827586,1,0
f24,Strength,0.6847826086956522,1,1
f24,HIIT,0.770949720670391,1,0
f24,Pilates,0.6119402985074627,0,0
f24,Pilates,0.5359116022099447,1,0
f24,Cardio,0.7472527472527473,1,1
f24,Cardio,0.8034682080924855,1,1
f24,Strength,0.6742857142857143,0,0
f24,Strength,0.732620320855615,1,0
f24,Strength,0.6610169491525424,1,1
f24,HIIT,0.8370786516853933,0,0
f24,HIIT,0.7666666666666667,1,1
f24,Yoga,0.46111111111111114,0,0
f24,Cardio,0.8105263157894737,1,1
f24,Yoga,0.4685714285714286,0,0
f24,Strength,0.6648648648648648,0,0
f24,Strength,0.6978021978021978,1,1
f24,Strength,0.7376237623762376,1,1
f24,Yoga,0.4427860696517413,0,0
f24,Strength,0.6582914572864321,1,1
f24,Cardio,0.7134831460674157,0,0
f24,HIIT,0.8539325842696629,1,1
f24,Yoga,0.4427860696517413,0,0
f24,Strength,0.7180851063829787,0,0
f24,Strength,0.6702702702702703,1,1
f24,Strength,0.7193877551020408,1,1
f24,HIIT,0.7771739130434783,1,0
f24,Strength,0.7225433526011561,1,1
f24,Pilates,0.5612903225806452,1,0
f24,HIIT,0.8313953488372093,1,1
f24,Yoga,0.46524064171123,0,0
f24,Pilates,0.5643564356435643,0,0
f24,HIIT,0.8435754189944135,1,1
f24,HIIT,0.8292682926829268,1,0
f24,Cardio,0.7409326424870466,1,1
f24,Yoga,0.4644808743169399,0,0
f24,Strength,0.7135678391959799,0,0
f24,Yoga,0.47953216374269003,0,0
f24,Cardio,0.6703296703296703,1,1
f24,HIIT,0.8267326732673267,1,1
f24,HIIT,0.8516483516483516,1,1
f24,HIIT,0.8601036269430051,1,1
f24,Cardio,0.7619047619047619,1,1
f24,HIIT,0.8527918781725888,1,1
f24,Strength,0.6965174129353234,1,0
f24,Strength,0.7303370786516854,1,1
f24,Strength,0.6464646464646465,0,0
f24,Cardio,0.7570621468926554,0,0
f24,Yoga,0.4673913043478261,0,0
f24,Cardio,0.7415730337078652,1,1
f24,HIIT,0.8564356435643564,1,1
f24,Yoga,0.45544554455445546,0,0
f24,Strength,0.6766169154228856,0,0
f24,Cardio,0.8163265306122449,0,0
f24,Yoga,0.4666666666666667,0,0
f24,Pilates,0.5463917525773195,1,0
f24,Strength,0.6742857142857143,0,0
f24,Yoga,0.43005181347150256,0,0
f24,Yoga,0.42857142857142855,0,0
f24,Strength,0.6467661691542289,1,1
f24,Strength,0.7065217391304348,1,0
f24,Strength,0.7010869565217391,1,0
f24,Yoga,0.4111111111111111,0,0
f24,HIIT,0.7988165680473372,1,1
f24,Strength,0.7151898734177216,1,1
