Id,ActivityDate,TotalSteps,TotalDistance,TrackerDistance,LoggedActivitiesDistance,VeryActiveDistance,ModeratelyActiveDistance,LightActiveDistance,SedentaryActiveDistance,VeryActiveMinutes,FairlyActiveMinutes,LightlyActiveMinutes,SedentaryMinutes,Calories
1503960366,4/12/2016,2410,1.84,1.84,0.0,0.35,0.34,0.68,0.0,15,14,215,1196,3332
1503960366,4/13/2016,2583,1.97,1.97,0.35,0.07,0.26,1.24,0.0,14,9,133,1284,2852
1503960366,4/14/2016,2319,1.77,1.77,0.01,0.29,0.28,1.02,0.0,13,5,180,1242,2503
1503960366,4/15/2016,3641,2.77,2.77,0.05,0.17,0.33,1.06,0.0,17,9,189,1225,2908
1503960366,4/16/2016,509,0.39,0.39,0.2,0.07,0.04,0.21,0.0,23,6,248,1163,3112
1503960366,4/17/2016,1255,0.96,0.96,0.01,0.1,0.17,0.64,0.0,28,11,203,1198,3384
1503960366,4/18/2016,2708,2.06,2.06,0.0,0.18,0.12,0.9,0.0,17,15,129,1279,3178
1503960366,4/19/2016,3302,2.52,2.52,0.01,0.06,0.16,1.11,0.0,14,15,119,1292,2849
1503960366,4/20/2016,0,0.0,0.0,0.03,0.0,0.0,0.0,0.0,12,13,164,1251,2943
1503960366,4/21/2016,560,0.43,0.43,0.02,0.1,0.06,0.21,0.0,23,14,186,1217,3429
1503960366,4/22/2016,547,0.42,0.42,0.08,0.09,0.09,0.22,0.0,22,10,196,1212,2691
1503960366,4/23/2016,923,0.7,0.7,0.22,0.07,0.16,0.35,0.0,17,14,247,1162,2946
1503960366,4/24/2016,0,0.0,0.0,0.1,0.0,0.0,0.0,0.0,17,8,254,1161,3294
1503960366,4/25/2016,4757,3.62,3.62,0.31,0.04,0.4,1.67,0.0,12,12,136,1280,2980
1503960366,4/26/2016,2557,1.95,1.95,0.1,0.59,0.22,1.79,0.0,16,12,148,1264,2803
1503960366,4/27/2016,1293,0.99,0.99,0.01,0.18,0.2,0.44,0.0,16,18,214,1192,2704
1503960366,4/28/2016,3319,2.53,2.53,0.14,0.22,0.45,1.6,0.0,16,14,171,1239,3139
1503960366,4/29/2016,1332,1.01,1.01,0.01,0.19,0.19,0.23,0.0,19,14,199,1208,2673
1503960366,4/30/2016,0,0.0,0.0,0.24,0.0,0.0,0.0,0.0,15,14,211,1200,2395
1503960366,5/1/2016,4048,3.08,3.08,0.09,0.41,0.7,1.36,0.0,9,13,307,1111,2608
1503960366,5/2/2016,1825,1.39,1.39,0.2,0.29,0.21,0.67,0.0,21,14,293,1112,3009
1503960366,5/3/2016,1793,1.37,1.37,0.11,0.28,0.36,0.86,0.0,25,8,202,1205,2627
1503960366,5/4/2016,2795,2.13,2.13,0.01,0.04,0.56,1.12,0.0,11,14,151,1264,2926
1503960366,5/5/2016,0,0.0,0.0,0.04,0.0,0.0,0.0,0.0,15,8,197,1220,2600
1503960366,5/6/2016,2723,2.07,2.07,0.16,0.15,0.33,1.27,0.0,17,12,194,1217,2792
1503960366,5/7/2016,588,0.45,0.45,0.05,0.07,0.01,0.18,0.0,17,11,215,1197,2654
1503960366,5/8/2016,336,0.26,0.26,0.04,0.02,0.06,0.16,0.0,16,9,246,1169,3191
1503960366,5/9/2016,2033,1.55,1.55,0.02,0.2,0.19,0.66,0.0,14,12,154,1260,2999
1503960366,5/10/2016,849,0.65,0.65,0.14,0.07,0.15,0.42,0.0,15,9,241,1175,2595
1503960366,5/11/2016,906,0.69,0.69,0.17,0.17,0.09,0.29,0.0,22,14,192,1212,2813
1503960366,5/12/2016,1513,1.15,1.15,0.1,0.08,0.31,0.34,0.0,15,12,216,1197,2737
1624580081,4/12/2016,4724,3.6,3.6,0.06,0.14,0.59,1.25,0.0,23,10,248,1159,2608
1624580081,4/13/2016,7658,5.84,5.84,0.05,0.39,1.76,3.89,0.0,28,18,326,1068,3108
1624580081,4/14/2016,5176,3.94,3.94,0.0,0.27,0.09,2.13,0.0,20,20,192,1208,3309
1624580081,4/15/2016,7103,5.41,5.41,0.01,0.25,0.73,2.17,0.0,27,10,328,1075,2774
1624580081,4/16/2016,4219,3.21,3.21,0.11,1.25,0.28,1.22,0.0,23,10,133,1274,2831
1624580081,4/17/2016,5335,4.07,4.07,0.05,0.41,0.81,2.19,0.0,13,14,137,1276,2705
1624580081,4/18/2016,3079,2.35,2.35,0.11,0.29,0.07,0.69,0.0,15,8,233,1184,2981
1624580081,4/19/2016,2860,2.18,2.18,0.05,0.16,0.52,0.86,0.0,10,16,128,1286,2976
1624580081,4/20/2016,4029,3.07,3.07,0.12,0.1,0.19,1.39,0.0,20,12,124,1284,2933
1624580081,4/21/2016,8070,6.15,6.15,0.07,0.21,0.49,2.21,0.0,23,15,177,1225,3090
1624580081,4/22/2016,6058,4.62,4.62,0.04,0.5,0.83,1.66,0.0,18,10,195,1217,2968
1624580081,4/23/2016,3883,2.96,2.96,0.41,0.29,0.3,0.82,0.0,18,12,245,1165,2965
1624580081,4/24/2016,3933,3.0,3.0,0.1,0.89,0.99,1.89,0.0,24,12,139,1265,2933
1624580081,4/25/2016,6426,4.9,4.9,0.03,0.72,0.88,2.25,0.0,15,16,217,1192,2824
1624580081,4/26/2016,5718,4.36,4.36,0.19,0.19,0.78,3.5,0.0,23,7,137,1273,2860
1624580081,4/27/2016,5749,4.38,4.38,0.04,0.18,0.42,2.14,0.0,23,15,235,1167,2930
1624580081,4/28/2016,5634,4.29,4.29,0.04,0.27,0.74,2.11,0.0,21,8,226,1185,2957
1624580081,4/29/2016,6325,4.82,4.82,0.11,0.62,1.2,2.78,0.0,24,16,206,1194,3285
1624580081,4/30/2016,4503,3.43,3.43,0.22,0.47,0.44,2.26,0.0,19,12,142,1267,2900
1624580081,5/1/2016,4966,3.78,3.78,0.07,0.34,1.12,2.11,0.0,25,15,262,1138,3048
1624580081,5/2/2016,4399,3.35,3.35,0.03,1.07,0.76,2.09,0.0,21,17,165,1237,2754
1624580081,5/3/2016,5342,4.07,4.07,0.12,1.32,0.49,2.31,0.0,23,10,213,1194,2804
1624580081,5/4/2016,5503,4.19,4.19,0.37,0.28,1.02,2.34,0.0,12,10,309,1109,2811
1624580081,5/5/2016,6050,4.61,4.61,0.05,0.29,1.96,1.41,0.0,20,16,106,1298,2759
1624580081,5/6/2016,5750,4.38,4.38,0.03,0.93,1.99,1.64,0.0,23,9,137,1271,2958
1624580081,5/7/2016,6360,4.85,4.85,0.18,0.39,0.45,3.54,0.0,20,7,95,1318,2966
1624580081,5/8/2016,2267,1.73,1.73,0.0,0.2,0.33,1.02,0.0,16,11,264,1149,3034
1624580081,5/9/2016,5491,4.18,4.18,0.11,0.64,0.6,1.95,0.0,20,15,153,1252,3068
1624580081,5/10/2016,4478,3.41,3.41,0.01,0.86,0.41,2.51,0.0,23,10,203,1204,3290
1624580081,5/11/2016,3694,2.81,2.81,0.12,0.61,0.62,1.54,0.0,19,8,136,1277,2603
1624580081,5/12/2016,3926,2.99,2.99,0.17,0.06,0.31,1.94,0.0,19,14,256,1151,3208
1644430081,4/12/2016,7568,5.77,5.77,0.02,0.9,0.99,2.98,0.0,21,19,150,1250,3173
1644430081,4/13/2016,5693,4.34,4.34,0.05,1.01,1.14,2.37,0.0,26,22,178,1214,3357
1644430081,4/14/2016,5202,3.96,3.96,0.09,0.26,0.56,0.87,0.0,20,17,172,1231,2936
1644430081,4/15/2016,7618,5.8,5.8,0.08,1.06,2.02,4.19,0.0,22,16,149,1253,3101
1644430081,4/16/2016,7127,5.43,5.43,0.04,0.75,0.38,2.63,0.0,27,16,203,1194,3550
1644430081,4/17/2016,5614,4.28,4.28,0.0,0.93,0.6,2.61,0.0,16,11,235,1178,3350
1644430081,4/18/2016,5541,4.22,4.22,0.37,0.59,1.07,3.03,0.0,21,15,195,1209,3010
1644430081,4/19/2016,9116,6.95,6.95,0.06,1.55,1.26,4.62,0.0,22,27,203,1188,2830
1644430081,4/20/2016,7571,5.77,5.77,0.07,0.29,2.12,3.21,0.0,18,14,180,1228,3228
1644430081,4/21/2016,4845,3.69,3.69,0.02,1.64,1.62,1.53,0.0,24,13,237,1166,3263
1644430081,4/22/2016,5469,4.17,4.17,0.12,0.5,1.51,2.32,0.0,22,15,166,1237,3433
1644430081,4/23/2016,3676,2.8,2.8,0.04,0.16,0.32,1.7,0.0,27,9,166,1238,3073
1644430081,4/24/2016,8023,6.11,6.11,0.0,1.89,1.81,4.22,0.0,19,17,222,1182,3612
1644430081,4/25/2016,9330,7.11,7.11,0.13,2.06,3.01,1.94,0.0,26,13,186,1215,3500
1644430081,4/26/2016,6936,5.29,5.29,0.1,0.81,1.69,3.31,0.0,25,13,237,1165,3326
1644430081,4/27/2016,6213,4.73,4.73,0.13,0.95,0.42,1.98,0.0,22,11,169,1238,3062
1644430081,4/28/2016,4005,3.05,3.05,0.03,0.39,0.19,0.67,0.0,25,17,251,1147,3368
1644430081,4/29/2016,7136,5.44,5.44,0.15,1.56,0.98,3.94,0.0,20,24,106,1290,3582
1644430081,4/30/2016,4459,3.4,3.4,0.01,0.57,1.04,2.5,0.0,20,12,141,1267,2611
1644430081,5/1/2016,6383,4.86,4.86,0.01,0.33,1.21,2.65,0.0,20,19,189,1212,3080
1644430081,5/2/2016,7125,5.43,5.43,0.09,0.04,1.11,1.96,0.0,20,12,223,1185,3202
1644430081,5/3/2016,5934,4.52,4.52,0.05,0.66,0.95,2.2,0.0,16,16,181,1227,3088
1644430081,5/4/2016,10162,7.74,7.74,0.08,0.92,1.11,4.02,0.0,28,13,244,1155,3258
1644430081,5/5/2016,5686,4.33,4.33,0.04,0.7,1.46,0.78,0.0,22,16,254,1148,3422
1644430081,5/6/2016,8131,6.2,6.2,0.13,0.8,0.75,2.23,0.0,26,22,259,1133,3775
1644430081,5/7/2016,4866,3.71,3.71,0.04,0.71,1.01,1.31,0.0,19,20,198,1203,3066
1644430081,5/8/2016,5458,4.16,4.16,0.03,1.37,1.51,1.48,0.0,27,12,229,1172,3138
1644430081,5/9/2016,9210,7.02,7.02,0.2,2.2,0.98,3.16,0.0,32,17,255,1136,2965
1644430081,5/10/2016,3731,2.84,2.84,0.08,0.74,0.51,1.05,0.0,21,13,230,1176,3285
1644430081,5/11/2016,6178,4.71,4.71,0.01,0.65,2.12,2.01,0.0,15,20,203,1202,3402
1644430081,5/12/2016,7668,5.84,5.84,0.07,1.2,3.09,3.02,0.0,23,18,268,1131,3031
1844505072,4/12/2016,757,0.58,0.58,0.08,0.05,0.12,0.43,0.0,9,5,254,1172,2314
1844505072,4/13/2016,1549,1.18,1.18,0.03,0.11,0.11,0.31,0.0,10,7,167,1256,2341
1844505072,4/14/2016,4582,3.49,3.49,0.13,0.3,0.5,2.46,0.0,10,6,247,1177,2495
1844505072,4/15/2016,4449,3.39,3.39,0.12,0.13,0.38,1.29,0.0,15,12,156,1257,2738
1844505072,4/16/2016,1213,0.92,0.92,0.05,0.02,0.07,0.2,0.0,9,8,227,1196,2420
1844505072,4/17/2016,2060,1.57,1.57,0.03,0.09,0.25,0.74,0.0,9,8,222,1201,2385
1844505072,4/18/2016,3653,2.78,2.78,0.16,0.17,0.38,1.21,0.0,8,9,181,1242,2478
1844505072,4/19/2016,5294,4.03,4.03,0.1,0.22,0.21,2.18,0.0,11,11,163,1255,2564
1844505072,4/20/2016,0,0.0,0.0,0.19,0.0,0.0,0.0,0.0,15,6,259,1160,2619
1844505072,4/21/2016,3211,2.45,2.45,0.16,0.19,0.23,1.74,0.0,11,4,210,1215,2292
1844505072,4/22/2016,2952,2.25,2.25,0.15,0.11,0.1,0.45,0.0,16,9,142,1273,2499
1844505072,4/23/2016,3669,2.8,2.8,0.0,0.03,0.22,1.7,0.0,10,11,256,1163,2710
1844505072,4/24/2016,5097,3.88,3.88,0.19,0.44,0.17,1.68,0.0,11,5,261,1163,2368
1844505072,4/25/2016,5295,4.03,4.03,0.0,0.12,0.6,1.37,0.0,13,5,131,1291,2610
1844505072,4/26/2016,3592,2.74,2.74,0.01,0.07,0.56,1.34,0.0,11,6,233,1190,2564
1844505072,4/27/2016,5833,4.44,4.44,0.01,0.26,0.19,2.16,0.0,11,4,212,1213,2410
1844505072,4/28/2016,6854,5.22,5.22,0.01,0.47,0.48,2.08,0.0,13,8,158,1261,2879
1844505072,4/29/2016,4418,3.37,3.37,0.03,0.18,0.38,2.66,0.0,9,12,186,1233,2790
1844505072,4/30/2016,3421,2.61,2.61,0.03,0.26,0.18,1.54,0.0,8,5,160,1267,2480
1844505072,5/1/2016,4823,3.68,3.68,0.3,0.33,0.14,1.91,0.0,13,5,121,1301,2364
1844505072,5/2/2016,5391,4.11,4.11,0.05,0.04,0.22,2.82,0.0,8,5,200,1227,2563
1844505072,5/3/2016,5017,3.82,3.82,0.14,0.24,0.53,2.05,0.0,22,3,72,1343,2669
1844505072,5/4/2016,2638,2.01,2.01,0.14,0.08,0.26,1.65,0.0,12,6,252,1170,2254
1844505072,5/5/2016,4411,3.36,3.36,0.18,0.09,0.36,2.04,0.0,15,12,221,1192,2419
1844505072,5/6/2016,4254,3.24,3.24,0.03,0.18,0.26,2.18,0.0,14,6,252,1168,2593
1844505072,5/7/2016,5375,4.1,4.1,0.14,0.7,0.61,1.65,0.0,14,8,276,1142,2381
1844505072,5/8/2016,1718,1.31,1.31,0.09,0.08,0.06,0.94,0.0,10,8,172,1250,2371
1844505072,5/9/2016,6609,5.04,5.04,0.18,0.52,0.42,1.67,0.0,12,5,217,1206,2432
1844505072,5/10/2016,5108,3.89,3.89,0.03,0.47,0.43,1.54,0.0,13,8,165,1254,2287
1844505072,5/11/2016,4261,3.25,3.25,0.06,0.08,0.45,2.33,0.0,11,11,210,1208,2324
1844505072,5/12/2016,6941,5.29,5.29,0.21,0.46,0.77,2.2,0.0,10,3,227,1200,2230
1927972279,4/12/2016,3623,2.76,2.76,0.07,0.07,0.95,1.59,0.0,26,23,216,1175,3401
1927972279,4/13/2016,1924,1.47,1.47,0.07,0.31,0.37,0.97,0.0,22,13,248,1157,3340
1927972279,4/14/2016,4713,3.59,3.59,0.05,0.76,1.16,1.18,0.0,25,20,304,1091,3181
1927972279,4/15/2016,3189,2.43,2.43,0.1,0.36,0.34,0.76,0.0,21,16,331,1072,2926
1927972279,4/16/2016,2720,2.07,2.07,0.08,0.47,0.91,1.59,0.0,33,10,189,1208,3150
1927972279,4/17/2016,5775,4.4,4.4,0.07,0.41,0.27,1.96,0.0,30,20,232,1158,2957
1927972279,4/18/2016,5537,4.22,4.22,0.02,1.22,1.68,2.11,0.0,30,19,234,1157,3593
1927972279,4/19/2016,6799,5.18,5.18,0.12,1.92,0.93,2.1,0.0,29,22,167,1222,3383
1927972279,4/20/2016,5282,4.02,4.02,0.03,0.87,0.54,1.12,0.0,21,20,231,1168,3056
1927972279,4/21/2016,5035,3.84,3.84,0.0,1.15,1.33,1.93,0.0,16,14,149,1261,3060
1927972279,4/22/2016,6957,5.3,5.3,0.05,0.38,0.51,3.15,0.0,28,18,254,1140,3558
1927972279,4/23/2016,3626,2.76,2.76,0.1,0.85,0.68,1.1,0.0,24,13,174,1229,3366
1927972279,4/24/2016,5981,4.56,4.56,0.02,0.48,1.76,1.93,0.0,28,28,73,1311,3112
1927972279,4/25/2016,2652,2.02,2.02,0.06,0.27,0.86,1.19,0.0,33,20,231,1156,3302
1927972279,4/26/2016,5247,4.0,4.0,0.04,0.46,1.12,2.7,0.0,20,29,243,1148,3011
1927972279,4/27/2016,3612,2.75,2.75,0.1,0.31,0.27,1.2,0.0,27,12,157,1244,2963
1927972279,4/28/2016,5162,3.93,3.93,0.14,1.0,1.55,2.77,0.0,23,23,197,1197,2883
1927972279,4/29/2016,147,0.11,0.11,0.08,0.0,0.01,0.03,0.0,28,18,281,1113,3026
1927972279,4/30/2016,4967,3.78,3.78,0.11,0.51,0.56,1.29,0.0,24,18,173,1225,3240
1927972279,5/1/2016,3341,2.55,2.55,0.24,0.32,0.34,2.15,0.0,26,7,170,1237,3026
1927972279,5/2/2016,4035,3.07,3.07,0.18,0.1,0.11,0.93,0.0,24,17,95,1304,3517
1927972279,5/3/2016,2805,2.14,2.14,0.0,0.32,0.68,0.9,0.0,22,18,217,1183,3029
1927972279,5/4/2016,4885,3.72,3.72,0.03,0.43,0.86,1.72,0.0,23,26,155,1236,3356
1927972279,5/5/2016,6621,5.05,5.05,0.07,1.57,0.85,1.9,0.0,18,19,190,1213,3113
1927972279,5/6/2016,5862,4.47,4.47,0.06,1.03,0.91,1.04,0.0,23,14,173,1230,2953
1927972279,5/7/2016,4708,3.59,3.59,0.01,1.84,0.67,1.62,0.0,27,24,209,1180,3257
1927972279,5/8/2016,5124,3.9,3.9,0.06,0.15,1.55,1.84,0.0,41,15,192,1192,3285
1927972279,5/9/2016,4682,3.57,3.57,0.05,1.1,1.45,1.84,0.0,21,17,177,1225,3259
1927972279,5/10/2016,5861,4.47,4.47,0.28,1.54,0.87,3.75,0.0,27,10,167,1236,3250
1927972279,5/11/2016,3774,2.88,2.88,0.02,0.27,1.16,1.18,0.0,25,19,139,1257,3101
1927972279,5/12/2016,3335,2.54,2.54,0.19,0.53,0.68,1.4,0.0,25,22,281,1112,3211
2022484408,4/12/2016,6702,5.11,5.11,0.03,0.9,1.73,3.7,0.0,17,14,222,1187,2766
2022484408,4/13/2016,7698,5.87,5.87,0.01,0.12,1.11,3.61,0.0,32,9,217,1182,3089
2022484408,4/14/2016,8132,6.2,6.2,0.08,0.82,0.97,3.54,0.0,19,14,187,1220,3169
2022484408,4/15/2016,6874,5.24,5.24,0.08,0.44,1.85,1.86,0.0,18,10,161,1251,2757
2022484408,4/16/2016,6133,4.67,4.67,0.03,0.59,0.82,3.48,0.0,15,17,176,1232,2677
2022484408,4/17/2016,7432,5.66,5.66,0.04,0.91,1.08,1.7,0.0,24,12,255,1149,2717
2022484408,4/18/2016,4202,3.2,3.2,0.09,0.59,0.68,2.1,0.0,12,16,245,1167,3294
2022484408,4/19/2016,8126,6.19,6.19,0.08,1.23,0.6,1.5,0.0,21,10,216,1193,2814
2022484408,4/20/2016,9890,7.54,7.54,0.23,0.73,1.47,4.66,0.0,17,14,295,1114,3045
2022484408,4/21/2016,7980,6.08,6.08,0.13,1.17,0.98,1.55,0.0,16,18,137,1269,2945
2022484408,4/22/2016,5713,4.35,4.35,0.01,0.33,0.47,1.35,0.0,16,11,185,1228,2865
2022484408,4/23/2016,8097,6.17,6.17,0.02,0.33,1.26,2.18,0.0,21,17,237,1165,3291
2022484408,4/24/2016,9098,6.93,6.93,0.23,0.37,0.53,2.13,0.0,20,14,313,1093,3179
2022484408,4/25/2016,4704,3.58,3.58,0.05,0.33,0.26,0.67,0.0,16,15,261,1148,2754
2022484408,4/26/2016,6596,5.03,5.03,0.17,1.09,0.55,3.59,0.0,17,14,165,1244,2891
2022484408,4/27/2016,7289,5.55,5.55,0.09,0.57,2.09,2.44,0.0,21,5,249,1165,3079
2022484408,4/28/2016,8681,6.61,6.61,0.18,0.46,0.97,3.57,0.0,21,16,208,1195,3483
2022484408,4/29/2016,6416,4.89,4.89,0.05,0.24,1.28,2.03,0.0,11,10,195,1224,3347
2022484408,4/30/2016,4721,3.6,3.6,0.32,0.5,0.83,1.47,0.0,19,13,123,1285,3339
2022484408,5/1/2016,9378,7.15,7.15,0.07,0.94,1.71,4.51,0.0,13,9,211,1207,2923
2022484408,5/2/2016,6182,4.71,4.71,0.03,0.51,0.62,1.5,0.0,15,8,229,1188,2991
2022484408,5/3/2016,5432,4.14,4.14,0.05,0.52,0.46,0.89,0.0,13,20,154,1253,3191
2022484408,5/4/2016,6532,4.98,4.98,0.18,0.39,1.52,1.44,0.0,14,10,182,1234,3315
2022484408,5/5/2016,4401,3.35,3.35,0.04,0.41,0.7,1.73,0.0,17,10,68,1345,2892
2022484408,5/6/2016,9269,7.06,7.06,0.09,1.01,0.38,2.54,0.0,21,12,288,1119,2922
2022484408,5/7/2016,3617,2.76,2.76,0.09,0.05,0.84,1.1,0.0,17,17,246,1160,3013
2022484408,5/8/2016,5523,4.21,4.21,0.05,0.84,1.14,2.58,0.0,11,8,293,1128,2796
2022484408,5/9/2016,5645,4.3,4.3,0.02,0.68,0.53,2.28,0.0,15,4,186,1235,3071
2022484408,5/10/2016,10097,7.69,7.69,0.07,0.66,1.56,3.37,0.0,17,14,252,1157,2722
2022484408,5/11/2016,7550,5.75,5.75,0.01,0.69,1.2,2.9,0.0,24,11,198,1207,2907
2022484408,5/12/2016,5806,4.42,4.42,0.01,0.22,1.15,3.02,0.0,20,7,261,1152,3095
2026352035,4/12/2016,5987,4.56,4.56,0.02,1.01,1.5,2.21,0.0,29,18,208,1185,3804
2026352035,4/13/2016,8010,6.1,6.1,0.05,1.82,1.12,4.12,0.0,37,21,216,1166,3822
2026352035,4/14/2016,6779,5.17,5.17,0.1,1.13,2.77,4.06,0.0,30,18,194,1198,3669
2026352035,4/15/2016,7146,5.45,5.45,0.01,0.84,0.38,3.27,0.0,24,15,164,1237,3623
2026352035,4/16/2016,6917,5.27,5.27,0.45,1.03,0.9,1.12,0.0,28,19,177,1216,3474
2026352035,4/17/2016,8949,6.82,6.82,0.01,1.43,2.06,1.78,0.0,24,17,160,1239,3338
2026352035,4/18/2016,8227,6.27,6.27,0.01,0.7,1.82,3.18,0.0,26,23,183,1208,3356
2026352035,4/19/2016,8353,6.36,6.36,0.08,0.85,2.45,3.43,0.0,37,16,130,1257,3302
2026352035,4/20/2016,8606,6.56,6.56,0.02,0.58,0.73,4.58,0.0,41,9,110,1280,3766
2026352035,4/21/2016,7672,5.85,5.85,0.05,0.71,0.82,3.34,0.0,26,17,261,1136,3610
2026352035,4/22/2016,7456,5.68,5.68,0.01,0.58,0.5,2.88,0.0,37,22,224,1157,3401
2026352035,4/23/2016,8413,6.41,6.41,0.22,0.27,1.81,3.36,0.0,39,31,215,1155,3922
2026352035,4/24/2016,9010,6.87,6.87,0.08,3.9,0.58,4.91,0.0,38,19,190,1193,3725
2026352035,4/25/2016,7494,5.71,5.71,0.04,1.24,0.98,3.24,0.0,27,18,280,1115,3478
2026352035,4/26/2016,6170,4.7,4.7,0.02,1.6,2.11,2.35,0.0,37,22,227,1154,3415
2026352035,4/27/2016,7654,5.83,5.83,0.19,1.49,1.44,2.7,0.0,21,24,170,1225,3016
2026352035,4/28/2016,9154,6.98,6.98,0.13,0.79,2.01,3.26,0.0,26,25,169,1220,3652
2026352035,4/29/2016,7748,5.9,5.9,0.07,0.84,1.08,3.34,0.0,33,15,268,1124,3919
2026352035,4/30/2016,3605,2.75,2.75,0.04,0.5,0.33,1.84,0.0,38,17,237,1148,3579
2026352035,5/1/2016,5873,4.48,4.48,0.0,1.54,1.1,0.95,0.0,35,15,150,1240,3604
2026352035,5/2/2016,9640,7.35,7.35,0.07,1.29,3.28,4.96,0.0,36,22,187,1195,3469
2026352035,5/3/2016,11096,8.46,8.46,0.09,0.59,2.8,2.28,0.0,30,13,194,1203,3645
2026352035,5/4/2016,8226,6.27,6.27,0.14,1.03,1.46,3.7,0.0,24,23,215,1178,3336
2026352035,5/5/2016,7010,5.34,5.34,0.27,0.25,1.4,1.61,0.0,20,27,104,1289,3451
2026352035,5/6/2016,8116,6.18,6.18,0.16,0.28,3.27,3.92,0.0,27,21,196,1196,3591
2026352035,5/7/2016,8275,6.31,6.31,0.05,0.69,0.72,3.06,0.0,27,25,105,1283,3847
2026352035,5/8/2016,8192,6.24,6.24,0.12,0.38,1.9,2.84,0.0,33,19,219,1169,3532
2026352035,5/9/2016,6725,5.12,5.12,0.03,0.65,1.55,2.77,0.0,26,13,108,1293,3504
2026352035,5/10/2016,10136,7.72,7.72,0.0,1.3,1.95,3.31,0.0,23,14,174,1229,3249
2026352035,5/11/2016,10775,8.21,8.21,0.67,1.66,1.3,6.07,0.0,42,20,228,1150,3527
2026352035,5/12/2016,5516,4.2,4.2,0.0,0.94,2.76,2.25,0.0,26,26,202,1186,3646
2320127002,4/12/2016,7801,5.94,5.94,0.0,0.14,0.35,2.84,0.0,16,12,296,1116,2171
2320127002,4/13/2016,7363,5.61,5.61,0.04,0.29,1.08,2.33,0.0,8,14,121,1297,2206
2320127002,4/14/2016,4282,3.26,3.26,0.1,0.4,0.78,1.96,0.0,17,7,171,1245,2298
2320127002,4/15/2016,5732,4.37,4.37,0.15,0.51,0.51,2.12,0.0,19,5,155,1261,2783
2320127002,4/16/2016,4602,3.51,3.51,0.02,0.58,0.53,1.58,0.0,17,9,101,1313,2486
2320127002,4/17/2016,3163,2.41,2.41,0.12,0.3,0.37,1.41,0.0,19,7,214,1200,2297
2320127002,4/18/2016,7518,5.73,5.73,0.03,0.3,0.61,3.18,0.0,8,8,216,1208,2344
2320127002,4/19/2016,5219,3.98,3.98,0.04,0.24,0.65,1.75,0.0,21,7,210,1202,2676
2320127002,4/20/2016,6194,4.72,4.72,0.0,0.46,0.09,2.65,0.0,15,12,157,1256,2617
2320127002,4/21/2016,8335,6.35,6.35,0.09,0.33,1.03,3.17,0.0,19,7,237,1177,2818
2320127002,4/22/2016,8579,6.54,6.54,0.02,1.26,1.07,2.39,0.0,19,8,262,1151,2711
2320127002,4/23/2016,6200,4.72,4.72,0.29,0.61,0.97,1.99,0.0,14,10,197,1219,2580
2320127002,4/24/2016,4437,3.38,3.38,0.39,0.58,0.28,2.03,0.0,18,12,227,1183,2727
2320127002,4/25/2016,9114,6.94,6.94,0.02,1.06,0.69,2.3,0.0,22,10,272,1136,2277
2320127002,4/26/2016,6508,4.96,4.96,0.4,0.4,0.28,3.12,0.0,14,8,157,1261,2448
2320127002,4/27/2016,6320,4.82,4.82,0.22,0.09,0.39,3.1,0.0,19,11,221,1189,2801
2320127002,4/28/2016,9909,7.55,7.55,0.07,0.26,1.02,4.13,0.0,19,3,99,1319,2304
2320127002,4/29/2016,10725,8.17,8.17,0.03,0.72,0.56,4.15,0.0,13,16,191,1220,2216
2320127002,4/30/2016,5844,4.45,4.45,0.13,0.31,0.93,2.47,0.0,13,10,234,1183,2223
2320127002,5/1/2016,7315,5.57,5.57,0.02,0.53,0.81,4.02,0.0,11,7,247,1175,2567
2320127002,5/2/2016,7965,6.07,6.07,0.11,0.35,0.55,2.53,0.0,11,8,175,1246,2619
2320127002,5/3/2016,7482,5.7,5.7,0.05,0.03,0.47,3.76,0.0,16,12,156,1256,2534
2320127002,5/4/2016,8192,6.24,6.24,0.07,0.49,1.15,3.15,0.0,19,11,219,1191,2754
2320127002,5/5/2016,6823,5.2,5.2,0.06,0.63,0.36,3.4,0.0,9,7,97,1327,2606
2320127002,5/6/2016,7166,5.46,5.46,0.26,0.63,0.18,2.07,0.0,19,8,159,1254,2526
2320127002,5/7/2016,6579,5.01,5.01,0.1,0.08,0.55,1.78,0.0,12,4,234,1190,2440
2320127002,5/8/2016,5983,4.56,4.56,0.01,0.89,0.66,1.93,0.0,19,8,247,1166,2545
2320127002,5/9/2016,6531,4.98,4.98,0.25,0.31,0.64,2.44,0.0,12,10,161,1257,2804
2320127002,5/10/2016,6275,4.78,4.78,0.24,0.61,0.48,2.03,0.0,13,7,230,1190,2757
2320127002,5/11/2016,4523,3.45,3.45,0.1,0.1,0.57,2.19,0.0,10,5,254,1171,2028
2320127002,5/12/2016,8769,6.68,6.68,0.04,0.75,1.14,2.12,0.0,16,13,163,1248,2619
2347167796,4/12/2016,7797,5.94,5.94,0.27,1.24,2.65,2.0,0.0,32,18,153,1237,2881
2347167796,4/13/2016,7398,5.64,5.64,0.06,1.93,1.52,3.28,0.0,28,15,79,1318,2957
2347167796,4/14/2016,5870,4.47,4.47,0.11,0.45,0.71,2.12,0.0,27,30,233,1150,3021
2347167796,4/15/2016,6464,4.93,4.93,0.0,1.12,0.46,1.45,0.0,22,21,190,1207,3137
2347167796,4/16/2016,9159,6.98,6.98,0.21,1.6,0.86,4.93,0.0,24,16,221,1179,3147
2347167796,4/17/2016,6080,4.63,4.63,0.29,0.69,1.27,3.25,0.0,32,9,137,1262,2799
2347167796,4/18/2016,6221,4.74,4.74,0.02,0.33,2.01,1.24,0.0,27,19,231,1163,2978
2347167796,4/19/2016,4463,3.4,3.4,0.1,1.6,0.45,1.2,0.0,27,18,259,1136,2937
2347167796,4/20/2016,10360,7.89,7.89,0.25,1.84,1.88,4.56,0.0,32,11,229,1168,3207
2347167796,4/21/2016,7205,5.49,5.49,0.26,1.23,1.46,2.74,0.0,32,16,172,1220,3255
2347167796,4/22/2016,6736,5.13,5.13,0.0,1.75,0.59,3.68,0.0,27,17,327,1069,3164
2347167796,4/23/2016,6760,5.15,5.15,0.21,1.8,0.68,1.24,0.0,18,25,100,1297,3148
2347167796,4/24/2016,2635,2.01,2.01,0.01,0.46,0.31,0.97,0.0,28,19,205,1188,3286
2347167796,4/25/2016,6711,5.11,5.11,0.08,0.27,1.42,3.25,0.0,27,23,216,1174,3154
2347167796,4/26/2016,7987,6.09,6.09,0.23,0.35,2.84,2.34,0.0,32,24,243,1141,3034
2347167796,4/27/2016,7780,5.93,5.93,0.02,1.38,2.97,2.22,0.0,25,24,113,1278,3256
2347167796,4/28/2016,5323,4.06,4.06,0.16,0.68,0.95,2.69,0.0,24,16,233,1167,2794
2347167796,4/29/2016,8979,6.84,6.84,0.03,1.04,1.7,3.03,0.0,19,23,228,1170,2944
2347167796,4/30/2016,4290,3.27,3.27,0.2,1.07,1.97,1.11,0.0,25,27,208,1180,2794
2347167796,5/1/2016,5865,4.47,4.47,0.01,1.18,0.57,2.7,0.0,21,32,151,1236,2891
2347167796,5/2/2016,7707,5.87,5.87,0.04,0.9,2.68,3.17,0.0,24,19,158,1239,2689
2347167796,5/3/2016,3840,2.93,2.93,0.03,0.48,0.71,1.15,0.0,25,22,240,1153,2798
2347167796,5/4/2016,6449,4.91,4.91,0.06,0.42,0.84,2.91,0.0,21,20,182,1217,2726
2347167796,5/5/2016,5501,4.19,4.19,0.19,0.55,0.57,2.16,0.0,25,18,159,1238,2711
2347167796,5/6/2016,8276,6.31,6.31,0.23,0.36,2.71,3.66,0.0,25,18,191,1206,2536
2347167796,5/7/2016,4411,3.36,3.36,0.1,0.17,1.06,2.09,0.0,25,20,152,1243,3051
2347167796,5/8/2016,3457,2.63,2.63,0.14,0.46,0.21,0.72,0.0,24,24,204,1188,2863
2347167796,5/9/2016,5990,4.56,4.56,0.11,1.28,0.47,1.04,0.0,39,15,229,1157,3047
2347167796,5/10/2016,8083,6.16,6.16,0.0,0.31,3.82,3.01,0.0,28,15,139,1258,3021
2347167796,5/11/2016,6210,4.73,4.73,0.03,0.42,1.86,2.82,0.0,28,15,261,1136,3192
2347167796,5/12/2016,5629,4.29,4.29,0.18,1.08,1.21,1.78,0.0,21,15,133,1271,3413
2873212765,4/12/2016,8726,6.65,6.65,0.1,1.08,1.11,2.14,0.0,15,6,238,1181,1766
2873212765,4/13/2016,4100,3.12,3.12,0.0,0.35,0.37,0.96,0.0,16,8,220,1196,1914
2873212765,4/14/2016,4871,3.71,3.71,0.2,0.5,0.97,1.43,0.0,9,10,288,1133,2257
2873212765,4/15/2016,6890,5.25,5.25,0.03,0.72,0.95,2.69,0.0,16,14,193,1217,2195
2873212765,4/16/2016,5821,4.44,4.44,0.01,0.06,0.44,1.12,0.0,21,13,235,1171,1996
2873212765,4/17/2016,4300,3.28,3.28,0.08,0.31,0.24,2.18,0.0,23,8,170,1239,1983
2873212765,4/18/2016,6522,4.97,4.97,0.0,0.04,1.42,2.71,0.0,12,6,207,1215,2051
2873212765,4/19/2016,5486,4.18,4.18,0.01,0.39,0.62,2.63,0.0,18,7,180,1235,2026
2873212765,4/20/2016,5169,3.94,3.94,0.01,0.34,0.29,1.7,0.0,15,8,242,1175,2339
2873212765,4/21/2016,6790,5.17,5.17,0.02,0.36,0.28,1.06,0.0,12,12,354,1062,1886
2873212765,4/22/2016,7605,5.8,5.8,0.01,0.54,0.42,2.08,0.0,16,8,272,1144,1747
2873212765,4/23/2016,7776,5.93,5.93,0.02,1.45,0.25,2.74,0.0,17,11,106,1306,2040
2873212765,4/24/2016,6346,4.84,4.84,0.01,0.41,1.32,3.03,0.0,11,5,248,1176,1789
2873212765,4/25/2016,7349,5.6,5.6,0.05,0.1,1.4,1.9,0.0,13,12,201,1214,2164
2873212765,4/26/2016,10174,7.75,7.75,0.01,0.69,1.64,0.92,0.0,18,8,195,1219,2236
2873212765,4/27/2016,7278,5.55,5.55,0.18,0.73,1.57,3.54,0.0,11,10,200,1219,1621
2873212765,4/28/2016,8494,6.47,6.47,0.02,1.28,0.35,3.82,0.0,13,14,240,1173,2083
2873212765,4/29/2016,3806,2.9,2.9,0.09,0.42,0.44,1.85,0.0,17,8,150,1265,2081
2873212765,4/30/2016,5554,4.23,4.23,0.01,0.46,0.42,2.0,0.0,14,14,120,1292,2151
2873212765,5/1/2016,3721,2.84,2.84,0.04,0.27,0.32,1.57,0.0,10,13,237,1180,1988
2873212765,5/2/2016,7548,5.75,5.75,0.08,0.69,1.15,2.78,0.0,12,13,241,1174,2247
2873212765,5/3/2016,7517,5.73,5.73,0.02,0.21,0.6,2.96,0.0,14,3,235,1188,1999
2873212765,5/4/2016,6155,4.69,4.69,0.01,0.4,0.66,3.07,0.0,9,11,222,1198,1750
2873212765,5/5/2016,4854,3.7,3.7,0.0,0.2,0.41,1.85,0.0,14,8,161,1257,1779
2873212765,5/6/2016,5960,4.54,4.54,0.12,0.25,0.79,1.69,0.0,13,11,243,1173,2393
2873212765,5/7/2016,4573,3.48,3.48,0.36,0.54,0.58,1.27,0.0,12,8,126,1294,2128
2873212765,5/8/2016,5153,3.93,3.93,0.09,0.14,0.54,0.73,0.0,9,11,106,1314,2007
2873212765,5/9/2016,6545,4.99,4.99,0.17,0.34,0.38,4.28,0.0,11,6,169,1254,2029
2873212765,5/10/2016,7794,5.94,5.94,0.09,1.17,0.78,1.91,0.0,7,8,183,1242,1879
2873212765,5/11/2016,5414,4.13,4.13,0.06,0.39,0.29,2.03,0.0,11,11,156,1262,1794
2873212765,5/12/2016,8475,6.46,6.46,0.01,0.97,0.98,1.3,0.0,17,14,160,1249,1721
3372868164,4/12/2016,7117,5.42,5.42,0.04,0.47,0.65,2.9,0.0,21,18,199,1202,2885
3372868164,4/13/2016,11072,8.44,8.44,0.09,0.2,1.29,4.95,0.0,21,19,192,1208,2919
3372868164,4/14/2016,9501,7.24,7.24,0.03,0.99,2.33,2.17,0.0,30,15,151,1244,3371
3372868164,4/15/2016,6499,4.95,4.95,0.01,1.9,1.89,2.57,0.0,28,16,164,1232,2649
3372868164,4/16/2016,7173,5.47,5.47,0.12,0.99,1.03,3.63,0.0,19,17,175,1229,2885
3372868164,4/17/2016,4657,3.55,3.55,0.05,0.46,1.71,1.62,0.0,26,23,170,1221,2743
3372868164,4/18/2016,6925,5.28,5.28,0.07,1.93,1.72,2.51,0.0,20,21,96,1303,3144
3372868164,4/19/2016,5109,3.89,3.89,0.12,0.71,1.2,2.16,0.0,21,21,150,1248,2975
3372868164,4/20/2016,6494,4.95,4.95,0.4,0.74,0.57,2.81,0.0,45,19,179,1197,3266
3372868164,4/21/2016,9756,7.43,7.43,0.09,1.29,0.87,1.86,0.0,26,16,327,1071,2920
3372868164,4/22/2016,9064,6.91,6.91,0.04,0.66,2.06,4.43,0.0,28,14,173,1225,2911
3372868164,4/23/2016,7095,5.41,5.41,0.15,0.05,1.96,3.59,0.0,32,20,232,1156,2943
3372868164,4/24/2016,8695,6.63,6.63,0.08,1.52,1.79,3.71,0.0,28,18,142,1252,2783
3372868164,4/25/2016,7422,5.66,5.66,0.07,0.75,0.11,4.76,0.0,27,12,137,1264,2648
3372868164,4/26/2016,10465,7.97,7.97,0.31,2.14,2.34,4.93,0.0,29,20,256,1135,2986
3372868164,4/27/2016,9005,6.86,6.86,0.03,2.1,2.99,2.9,0.0,30,21,192,1197,2712
3372868164,4/28/2016,8539,6.51,6.51,0.12,0.66,1.55,4.35,0.0,24,13,137,1266,2913
3372868164,4/29/2016,9513,7.25,7.25,0.06,1.04,2.26,3.18,0.0,22,16,193,1209,2818
3372868164,4/30/2016,5289,4.03,4.03,0.01,0.68,1.17,2.12,0.0,30,17,223,1170,2892
3372868164,5/1/2016,7748,5.9,5.9,0.31,1.28,2.12,1.8,0.0,20,20,208,1192,2696
3372868164,5/2/2016,6618,5.04,5.04,0.21,0.58,0.71,2.73,0.0,30,15,196,1199,3226
3372868164,5/3/2016,10470,7.98,7.98,0.02,2.56,4.33,2.24,0.0,24,9,164,1243,3100
3372868164,5/4/2016,8618,6.57,6.57,0.15,0.97,2.15,4.0,0.0,22,12,195,1211,2926
3372868164,5/5/2016,7457,5.68,5.68,0.2,0.8,1.04,2.97,0.0,26,17,220,1177,3324
3372868164,5/6/2016,6910,5.27,5.27,0.2,1.05,2.31,2.71,0.0,18,13,123,1286,3072
3372868164,5/7/2016,8140,6.2,6.2,0.02,0.68,0.56,3.75,0.0,26,16,172,1226,2780
3372868164,5/8/2016,7718,5.88,5.88,0.17,0.31,3.72,2.2,0.0,26,18,172,1224,2818
3372868164,5/9/2016,5610,4.27,4.27,0.33,0.84,0.99,3.23,0.0,21,16,239,1164,3442
3372868164,5/10/2016,8509,6.48,6.48,0.19,0.27,0.93,4.3,0.0,29,14,247,1150,2982
3372868164,5/11/2016,10754,8.19,8.19,0.05,2.62,1.5,4.4,0.0,20,14,140,1266,2983
3372868164,5/12/2016,7787,5.93,5.93,0.11,1.42,1.77,3.72,0.0,32,15,180,1213,3040
3977333714,4/12/2016,5740,4.37,4.37,0.01,0.33,0.65,2.23,0.0,20,16,135,1269,3180
3977333714,4/13/2016,6595,5.03,5.03,0.19,0.94,1.32,1.61,0.0,22,12,178,1228,2793
3977333714,4/14/2016,8078,6.16,6.16,0.11,0.49,1.88,4.6,0.0,19,18,166,1237,3076
3977333714,4/15/2016,6325,4.82,4.82,0.25,0.39,0.53,2.75,0.0,26,12,134,1268,3347
3977333714,4/16/2016,5806,4.42,4.42,0.02,0.31,0.94,2.83,0.0,23,8,248,1161,2978
3977333714,4/17/2016,5213,3.97,3.97,0.07,1.16,1.05,2.08,0.0,23,18,198,1201,2863
3977333714,4/18/2016,5819,4.43,4.43,0.04,1.13,0.79,2.37,0.0,22,15,173,1230,3005
3977333714,4/19/2016,7435,5.67,5.67,0.07,0.3,0.77,1.75,0.0,17,18,195,1210,2924
3977333714,4/20/2016,7150,5.45,5.45,0.14,0.55,1.53,3.49,0.0,19,11,131,1279,3265
3977333714,4/21/2016,8076,6.15,6.15,0.04,1.27,1.36,2.5,0.0,36,14,105,1285,3565
3977333714,4/22/2016,4666,3.56,3.56,0.08,0.98,0.68,1.74,0.0,17,13,81,1329,3084
3977333714,4/23/2016,2414,1.84,1.84,0.3,0.08,0.37,1.16,0.0,20,14,197,1209,3158
3977333714,4/24/2016,2559,1.95,1.95,0.15,0.15,0.19,1.39,0.0,26,12,268,1134,2907
3977333714,4/25/2016,7320,5.58,5.58,0.01,1.2,0.37,2.19,0.0,12,16,133,1279,2896
3977333714,4/26/2016,7170,5.46,5.46,0.09,0.49,1.94,3.15,0.0,29,14,185,1212,2704
3977333714,4/27/2016,9271,7.06,7.06,0.02,0.54,1.23,5.12,0.0,21,11,207,1201,2770
3977333714,4/28/2016,8690,6.62,6.62,0.24,0.67,1.25,1.45,0.0,15,20,148,1257,3335
3977333714,4/29/2016,8032,6.12,6.12,0.13,1.12,1.09,3.38,0.0,24,12,167,1237,3308
3977333714,4/30/2016,6775,5.16,5.16,0.08,0.57,0.37,3.56,0.0,11,18,209,1202,2785
3977333714,5/1/2016,5939,4.53,4.53,0.12,0.34,1.06,2.66,0.0,13,15,268,1144,3184
3977333714,5/2/2016,7748,5.9,5.9,0.12,1.12,1.12,3.14,0.0,16,17,222,1185,2397
3977333714,5/3/2016,7864,5.99,5.99,0.01,1.27,0.63,2.11,0.0,20,7,262,1151,3055
3977333714,5/4/2016,6403,4.88,4.88,0.14,0.63,0.5,2.86,0.0,29,11,200,1200,3352
3977333714,5/5/2016,5521,4.21,4.21,0.29,0.38,0.63,2.94,0.0,23,18,258,1141,2806
3977333714,5/6/2016,5709,4.35,4.35,0.01,0.24,1.01,1.72,0.0,17,15,223,1185,3135
3977333714,5/7/2016,5780,4.4,4.4,0.09,0.92,0.62,1.77,0.0,15,13,203,1209,3093
3977333714,5/8/2016,6111,4.66,4.66,0.06,0.29,0.89,1.77,0.0,21,14,188,1217,3100
3977333714,5/9/2016,7089,5.4,5.4,0.07,0.54,0.64,3.31,0.0,17,12,251,1160,2732
3977333714,5/10/2016,6383,4.86,4.86,0.06,0.98,0.64,2.01,0.0,21,21,238,1160,2949
3977333714,5/11/2016,6741,5.14,5.14,0.02,1.05,1.74,3.36,0.0,23,11,132,1274,2860
3977333714,5/12/2016,6679,5.09,5.09,0.25,0.37,0.32,1.63,0.0,20,13,188,1219,3097
4020332650,4/12/2016,4905,3.74,3.74,0.03,0.37,0.16,1.17,0.0,26,16,195,1203,3038
4020332650,4/13/2016,4248,3.24,3.24,0.19,0.8,0.8,1.13,0.0,29,17,190,1204,3138
4020332650,4/14/2016,3184,2.43,2.43,0.12,0.08,1.18,1.11,0.0,30,19,174,1217,3031
4020332650,4/15/2016,3940,3.0,3.0,0.14,0.79,0.12,1.18,0.0,18,8,262,1152,2746
4020332650,4/16/2016,5144,3.92,3.92,0.17,0.15,1.17,3.14,0.0,26,14,167,1233,3203
4020332650,4/17/2016,5601,4.27,4.27,0.04,0.19,1.31,1.96,0.0,21,10,166,1243,3218
4020332650,4/18/2016,6903,5.26,5.26,0.15,1.31,1.6,3.19,0.0,26,15,182,1217,3298
4020332650,4/19/2016,3791,2.89,2.89,0.15,1.04,0.69,1.62,0.0,31,14,235,1160,2843
4020332650,4/20/2016,8190,6.24,6.24,0.05,0.81,0.84,2.39,0.0,23,16,264,1137,2960
4020332650,4/21/2016,6136,4.68,4.68,0.2,0.44,0.82,3.2,0.0,20,17,133,1270,2995
4020332650,4/22/2016,4154,3.17,3.17,0.06,0.48,0.61,2.08,0.0,32,13,220,1175,3126
4020332650,4/23/2016,3704,2.82,2.82,0.02,0.52,0.29,1.18,0.0,30,14,237,1159,3019
4020332650,4/24/2016,4229,3.22,3.22,0.03,0.52,0.39,2.11,0.0,27,11,266,1136,2891
4020332650,4/25/2016,5414,4.13,4.13,0.15,0.51,1.33,2.03,0.0,31,18,173,1218,3177
4020332650,4/26/2016,5493,4.19,4.19,0.13,1.35,0.6,2.65,0.0,30,16,272,1122,2970
4020332650,4/27/2016,6078,4.63,4.63,0.08,0.81,0.76,3.76,0.0,43,18,158,1221,3125
4020332650,4/28/2016,4024,3.07,3.07,0.05,0.28,0.9,1.08,0.0,16,20,133,1271,3244
4020332650,4/29/2016,2527,1.93,1.93,0.08,0.41,0.87,0.97,0.0,29,7,149,1255,2947
4020332650,4/30/2016,4309,3.28,3.28,0.06,1.0,2.05,1.22,0.0,32,14,315,1079,2876
4020332650,5/1/2016,4110,3.13,3.13,0.14,0.68,0.28,2.28,0.0,29,14,263,1134,2827
4020332650,5/2/2016,3678,2.8,2.8,0.04,0.76,1.1,1.59,0.0,26,27,165,1222,3231
4020332650,5/3/2016,2929,2.23,2.23,0.09,0.04,0.35,1.03,0.0,37,14,150,1239,2981
4020332650,5/4/2016,7080,5.39,5.39,0.24,0.56,1.62,3.03,0.0,21,24,187,1208,2819
4020332650,5/5/2016,6113,4.66,4.66,0.0,0.7,1.08,3.56,0.0,20,18,133,1269,3067
4020332650,5/6/2016,5150,3.92,3.92,0.28,1.01,0.15,2.53,0.0,20,20,175,1225,3144
4020332650,5/7/2016,4613,3.52,3.52,0.03,0.54,0.69,1.66,0.0,26,19,274,1121,2869
4020332650,5/8/2016,3761,2.87,2.87,0.03,0.3,1.04,1.63,0.0,29,14,202,1195,2800
4020332650,5/9/2016,4655,3.55,3.55,0.06,0.27,0.55,2.08,0.0,32,22,230,1156,2781
4020332650,5/10/2016,5902,4.5,4.5,0.03,0.44,0.74,1.05,0.0,33,14,203,1190,2977
4020332650,5/11/2016,7429,5.66,5.66,0.01,1.13,0.57,3.39,0.0,25,12,164,1239,2874
4020332650,5/12/2016,4789,3.65,3.65,0.02,0.95,0.98,1.25,0.0,28,14,203,1195,3203
4057192912,4/12/2016,5182,3.95,3.95,0.02,0.21,0.35,2.53,0.0,15,7,247,1171,2383
4057192912,4/13/2016,5193,3.96,3.96,0.0,0.07,0.92,3.08,0.0,12,7,211,1210,2357
4057192912,4/14/2016,4835,3.68,3.68,0.01,0.15,0.57,0.95,0.0,13,12,191,1224,2045
4057192912,4/15/2016,3535,2.69,2.69,0.08,0.29,0.71,1.37,0.0,11,11,208,1210,2035
4057192912,4/16/2016,5204,3.97,3.97,0.01,0.38,0.52,1.35,0.0,13,13,187,1227,2472
4057192912,4/17/2016,3483,2.65,2.65,0.08,0.34,0.3,1.74,0.0,14,12,263,1151,2643
4057192912,4/18/2016,5952,4.54,4.54,0.15,0.95,0.59,3.4,0.0,17,9,117,1297,2458
4057192912,4/19/2016,4345,3.31,3.31,0.37,0.5,0.84,0.62,0.0,16,12,239,1173,2932
4057192912,4/20/2016,6071,4.63,4.63,0.04,0.32,1.1,2.91,0.0,6,7,208,1219,2294
4057192912,4/21/2016,4258,3.24,3.24,0.31,0.2,0.15,0.84,0.0,9,15,205,1211,2367
4057192912,4/22/2016,6254,4.77,4.77,0.0,0.51,0.84,2.74,0.0,13,10,191,1226,2184
4057192912,4/23/2016,5480,4.18,4.18,0.01,0.43,0.92,1.32,0.0,14,10,191,1225,2662
4057192912,4/24/2016,5732,4.37,4.37,0.07,0.11,0.42,2.1,0.0,17,9,249,1165,2334
4057192912,4/25/2016,5242,3.99,3.99,0.09,0.12,0.71,2.02,0.0,10,15,119,1296,2179
4057192912,4/26/2016,6566,5.0,5.0,0.34,0.84,0.59,2.57,0.0,11,10,207,1212,2255
4057192912,4/27/2016,7699,5.87,5.87,0.14,0.47,0.35,2.88,0.0,10,10,216,1204,2406
4057192912,4/28/2016,4485,3.42,3.42,0.14,0.04,0.19,1.16,0.0,15,7,145,1273,2349
4057192912,4/29/2016,6956,5.3,5.3,0.25,0.12,0.34,3.94,0.0,13,5,321,1101,2233
4057192912,4/30/2016,5175,3.94,3.94,0.09,0.44,0.9,1.98,0.0,12,7,263,1158,2092
4057192912,5/1/2016,6197,4.72,4.72,0.01,0.51,1.07,2.49,0.0,18,11,163,1248,2171
4057192912,5/2/2016,6121,4.66,4.66,0.03,0.34,0.75,1.53,0.0,12,7,262,1159,2586
4057192912,5/3/2016,4658,3.55,3.55,0.07,0.52,0.52,1.59,0.0,18,7,206,1209,2196
4057192912,5/4/2016,3913,2.98,2.98,0.09,0.44,0.61,0.9,0.0,7,8,185,1240,2423
4057192912,5/5/2016,3211,2.45,2.45,0.04,0.21,0.19,1.19,0.0,21,11,143,1265,1939
4057192912,5/6/2016,9394,7.16,7.16,0.11,0.96,1.23,2.15,0.0,13,7,219,1201,2392
4057192912,5/7/2016,5879,4.48,4.48,0.08,0.5,0.75,2.3,0.0,22,15,241,1162,1694
4057192912,5/8/2016,2582,1.97,1.97,0.16,0.22,0.49,0.52,0.0,15,8,218,1199,2054
4057192912,5/9/2016,6023,4.59,4.59,0.16,0.32,0.81,1.18,0.0,12,12,236,1180,2309
4057192912,5/10/2016,5262,4.01,4.01,0.06,0.34,0.65,2.45,0.0,17,8,281,1134,2301
4057192912,5/11/2016,3874,2.95,2.95,0.05,0.29,0.43,1.44,0.0,12,12,292,1124,1906
4057192912,5/12/2016,7036,5.36,5.36,0.46,0.23,0.85,2.6,0.0,6,12,288,1134,2349
4388161847,4/12/2016,2131,1.62,1.62,0.0,0.2,0.1,1.07,0.0,16,3,132,1289,3032
4388161847,4/13/2016,2164,1.65,1.65,0.21,0.06,0.13,0.84,0.0,8,8,153,1271,2622
4388161847,4/14/2016,0,0.0,0.0,0.01,0.0,0.0,0.0,0.0,16,9,233,1182,2643
4388161847,4/15/2016,507,0.39,0.39,0.11,0.02,0.02,0.26,0.0,9,2,145,1284,2758
4388161847,4/16/2016,0,0.0,0.0,0.06,0.0,0.0,0.0,0.0,14,6,197,1223,2777
4388161847,4/17/2016,748,0.57,0.57,0.01,0.02,0.07,0.34,0.0,7,3,264,1166,2842
4388161847,4/18/2016,1067,0.81,0.81,0.17,0.08,0.08,0.47,0.0,16,8,168,1248,2717
4388161847,4/19/2016,229,0.17,0.17,0.01,0.01,0.02,0.08,0.0,7,8,163,1262,2738
4388161847,4/20/2016,0,0.0,0.0,0.1,0.0,0.0,0.0,0.0,14,12,194,1220,2779
4388161847,4/21/2016,631,0.48,0.48,0.09,0.03,0.02,0.24,0.0,13,5,155,1267,2929
4388161847,4/22/2016,0,0.0,0.0,0.04,0.0,0.0,0.0,0.0,9,7,280,1144,2851
4388161847,4/23/2016,1342,1.02,1.02,0.01,0.12,0.08,0.36,0.0,10,5,276,1149,2863
4388161847,4/24/2016,525,0.4,0.4,0.06,0.04,0.02,0.24,0.0,10,13,268,1149,2893
4388161847,4/25/2016,0,0.0,0.0,0.16,0.0,0.0,0.0,0.0,6,10,235,1189,2681
4388161847,4/26/2016,0,0.0,0.0,0.04,0.0,0.0,0.0,0.0,9,5,188,1238,2765
4388161847,4/27/2016,2682,2.04,2.04,0.02,0.2,0.15,1.0,0.0,8,4,263,1165,2626
4388161847,4/28/2016,477,0.36,0.36,0.1,0.02,0.02,0.2,0.0,12,4,164,1260,2600
4388161847,4/29/2016,0,0.0,0.0,0.1,0.0,0.0,0.0,0.0,8,6,245,1181,2586
4388161847,4/30/2016,0,0.0,0.0,0.04,0.0,0.0,0.0,0.0,11,5,153,1271,2920
4388161847,5/1/2016,0,0.0,0.0,0.06,0.0,0.0,0.0,0.0,8,11,121,1300,2846
4388161847,5/2/2016,0,0.0,0.0,0.03,0.0,0.0,0.0,0.0,13,6,111,1310,3030
4388161847,5/3/2016,137,0.1,0.1,0.15,0.0,0.01,0.05,0.0,8,10,269,1153,2732
4388161847,5/4/2016,365,0.28,0.28,0.01,0.02,0.03,0.12,0.0,14,6,183,1237,2743
4388161847,5/5/2016,730,0.56,0.56,0.03,0.04,0.03,0.44,0.0,8,0,170,1262,2841
4388161847,5/6/2016,1064,0.81,0.81,0.03,0.01,0.13,0.37,0.0,10,7,218,1205,2858
4388161847,5/7/2016,763,0.58,0.58,0.13,0.06,0.02,0.23,0.0,6,6,218,1210,2409
4388161847,5/8/2016,388,0.3,0.3,0.03,0.01,0.05,0.14,0.0,8,6,193,1233,2752
4388161847,5/9/2016,1530,1.17,1.17,0.19,0.03,0.1,0.44,0.0,12,13,271,1144,2435
4388161847,5/10/2016,186,0.14,0.14,0.04,0.01,0.04,0.07,0.0,15,7,252,1166,2731
4388161847,5/11/2016,0,0.0,0.0,0.1,0.0,0.0,0.0,0.0,15,8,222,1195,3125
4388161847,5/12/2016,0,0.0,0.0,0.03,0.0,0.0,0.0,0.0,13,9,177,1241,2880
4445114986,4/12/2016,5218,3.98,3.98,0.01,0.74,1.13,1.06,0.0,23,11,228,1178,3771
4445114986,4/13/2016,5869,4.47,4.47,0.1,1.55,1.51,1.74,0.0,23,10,157,1250,3418
4445114986,4/14/2016,3837,2.92,2.92,0.08,0.11,0.74,1.84,0.0,29,17,228,1166,3476
4445114986,4/15/2016,4318,3.29,3.29,0.14,0.36,1.79,2.02,0.0,20,20,106,1294,3392
4445114986,4/16/2016,5048,3.85,3.85,0.01,0.52,1.31,2.79,0.0,17,17,165,1241,3005
4445114986,4/17/2016,4318,3.29,3.29,0.15,0.09,0.81,1.68,0.0,18,11,256,1155,3566
4445114986,4/18/2016,7539,5.74,5.74,0.05,0.84,0.45,3.46,0.0,24,12,263,1141,3300
4445114986,4/19/2016,7236,5.51,5.51,0.03,0.83,1.55,3.81,0.0,17,16,199,1208,3503
4445114986,4/20/2016,5373,4.09,4.09,0.02,1.14,0.47,1.07,0.0,30,20,200,1190,3775
4445114986,4/21/2016,3692,2.81,2.81,0.16,0.17,0.86,1.79,0.0,35,15,200,1190,3313
4445114986,4/22/2016,6045,4.61,4.61,0.04,0.24,0.5,1.59,0.0,23,21,220,1176,3797
4445114986,4/23/2016,4295,3.27,3.27,0.06,0.35,0.48,1.8,0.0,27,15,3,1395,3549
4445114986,4/24/2016,5576,4.25,4.25,0.36,0.33,1.29,3.32,0.0,27,10,210,1193,3438
4445114986,4/25/2016,5941,4.53,4.53,0.02,1.05,1.0,2.47,0.0,22,23,96,1299,3444
4445114986,4/26/2016,6403,4.88,4.88,0.03,0.55,1.29,2.28,0.0,32,12,219,1177,3067
4445114986,4/27/2016,3847,2.93,2.93,0.03,0.74,0.56,1.76,0.0,23,20,172,1225,3242
4445114986,4/28/2016,4806,3.66,3.66,0.46,0.96,1.01,1.93,0.0,27,19,180,1214,3444
4445114986,4/29/2016,6640,5.06,5.06,0.02,1.19,1.45,1.11,0.0,28,13,192,1207,3465
4445114986,4/30/2016,7308,5.57,5.57,0.1,1.54,1.43,2.06,0.0,20,19,218,1183,3837
4445114986,5/1/2016,5094,3.88,3.88,0.05,0.53,1.16,1.81,0.0,19,19,202,1200,3334
4445114986,5/2/2016,5653,4.31,4.31,0.05,0.97,0.68,2.89,0.0,25,18,104,1293,3013
4445114986,5/3/2016,2341,1.78,1.78,0.09,0.17,0.38,1.19,0.0,37,15,234,1154,3558
4445114986,5/4/2016,5299,4.04,4.04,0.02,1.38,0.54,1.6,0.0,25,13,154,1248,3470
4445114986,5/5/2016,6535,4.98,4.98,0.04,1.08,1.94,2.44,0.0,32,15,170,1223,3587
4445114986,5/6/2016,4170,3.18,3.18,0.1,1.05,1.46,1.84,0.0,25,21,222,1172,3627
4445114986,5/7/2016,5850,4.46,4.46,0.12,0.87,0.4,2.76,0.0,20,19,206,1195,3401
4445114986,5/8/2016,4733,3.61,3.61,0.02,0.3,1.57,2.52,0.0,26,21,221,1172,3408
4445114986,5/9/2016,9377,7.15,7.15,0.14,0.81,2.03,3.97,0.0,21,12,292,1115,3215
4445114986,5/10/2016,8633,6.58,6.58,0.04,2.02,0.86,2.44,0.0,34,14,279,1113,3574
4445114986,5/11/2016,5908,4.5,4.5,0.03,0.44,1.44,1.12,0.0,29,14,325,1072,3444
4445114986,5/12/2016,2951,2.25,2.25,0.05,0.47,0.06,1.07,0.0,21,16,186,1217,3602
4558609924,4/12/2016,3054,2.33,2.33,0.11,0.03,0.32,0.69,0.0,13,11,216,1200,2554
4558609924,4/13/2016,4687,3.57,3.57,0.0,0.2,0.2,1.91,0.0,11,11,198,1220,2719
4558609924,4/14/2016,4575,3.49,3.49,0.08,0.36,0.35,0.68,0.0,13,12,263,1152,2986
4558609924,4/15/2016,2229,1.7,1.7,0.01,0.08,0.08,0.53,0.0,18,2,167,1253,2746
4558609924,4/16/2016,3941,3.0,3.0,0.24,0.28,0.58,1.34,0.0,16,6,178,1240,2800
4558609924,4/17/2016,1963,1.5,1.5,0.04,0.1,0.2,0.75,0.0,23,16,225,1176,2737
4558609924,4/18/2016,2600,1.98,1.98,0.03,0.13,0.18,0.68,0.0,17,11,243,1169,2702
4558609924,4/19/2016,5561,4.24,4.24,0.04,0.05,0.59,1.74,0.0,10,4,222,1204,2526
4558609924,4/20/2016,3120,2.38,2.38,0.01,0.26,0.44,1.45,0.0,10,9,204,1217,2631
4558609924,4/21/2016,6364,4.85,4.85,0.01,0.69,0.9,2.22,0.0,16,1,228,1195,2577
4558609924,4/22/2016,2649,2.02,2.02,0.19,0.15,0.42,0.96,0.0,14,10,200,1216,2536
4558609924,4/23/2016,2535,1.93,1.93,0.11,0.17,0.05,1.37,0.0,19,7,103,1311,2749
4558609924,4/24/2016,2534,1.93,1.93,0.13,0.27,0.39,0.78,0.0,10,9,187,1234,2659
4558609924,4/25/2016,7675,5.85,5.85,0.04,0.09,0.63,3.81,0.0,15,7,278,1140,2967
4558609924,4/26/2016,6577,5.01,5.01,0.07,0.44,0.71,2.56,0.0,13,3,163,1261,2660
4558609924,4/27/2016,3336,2.54,2.54,0.04,0.34,0.24,0.62,0.0,14,10,105,1311,2797
4558609924,4/28/2016,3881,2.96,2.96,0.05,0.02,0.47,0.74,0.0,12,7,141,1280,2586
4558609924,4/29/2016,2424,1.85,1.85,0.02,0.08,0.28,0.71,0.0,13,10,223,1194,2571
4558609924,4/30/2016,2888,2.2,2.2,0.27,0.11,0.2,1.13,0.0,8,5,133,1294,2819
4558609924,5/1/2016,3918,2.99,2.99,0.22,0.36,0.2,1.34,0.0,13,14,222,1191,3056
4558609924,5/2/2016,3284,2.5,2.5,0.15,0.05,0.15,1.19,0.0,11,6,144,1279,2628
4558609924,5/3/2016,4066,3.1,3.1,0.16,0.23,0.6,2.23,0.0,7,5,204,1224,2904
4558609924,5/4/2016,5151,3.93,3.93,0.04,0.11,1.08,1.12,0.0,17,8,256,1159,2931
4558609924,5/5/2016,4383,3.34,3.34,0.05,0.46,0.7,2.68,0.0,17,5,258,1160,3257
4558609924,5/6/2016,1531,1.17,1.17,0.07,0.07,0.2,0.24,0.0,9,9,164,1258,2744
4558609924,5/7/2016,1052,0.8,0.8,0.11,0.16,0.14,0.54,0.0,13,9,220,1198,2605
4558609924,5/8/2016,3853,2.94,2.94,0.05,0.22,0.43,1.78,0.0,15,3,267,1155,2785
4558609924,5/9/2016,4093,3.12,3.12,0.1,0.11,0.58,1.65,0.0,12,13,167,1248,2895
4558609924,5/10/2016,2266,1.73,1.73,0.04,0.08,0.3,1.09,0.0,8,8,186,1238,2652
4558609924,5/11/2016,2835,2.16,2.16,0.17,0.2,0.2,1.3,0.0,15,5,109,1311,2976
4558609924,5/12/2016,3502,2.67,2.67,0.14,0.08,0.42,1.24,0.0,12,7,134,1287,2697
4702921684,4/12/2016,5107,3.89,3.89,0.09,0.9,0.8,1.71,0.0,22,13,153,1252,2624
4702921684,4/13/2016,5091,3.88,3.88,0.18,0.37,1.02,2.46,0.0,23,11,199,1207,2818
4702921684,4/14/2016,6534,4.98,4.98,0.04,1.62,0.89,1.39,0.0,17,13,75,1335,2822
4702921684,4/15/2016,4799,3.66,3.66,0.06,0.16,1.48,2.3,0.0,14,14,215,1197,2662
4702921684,4/16/2016,6379,4.86,4.86,0.1,0.36,1.79,2.74,0.0,25,26,237,1152,2607
4702921684,4/17/2016,5505,4.19,4.19,0.02,1.21,0.92,1.9,0.0,23,7,240,1170,2747
4702921684,4/18/2016,4688,3.57,3.57,0.61,0.44,0.36,2.28,0.0,16,9,247,1168,2698
4702921684,4/19/2016,5689,4.34,4.34,0.18,1.03,1.3,2.54,0.0,24,12,279,1125,2700
4702921684,4/20/2016,6105,4.65,4.65,0.16,0.47,1.37,1.68,0.0,22,8,190,1220,3165
4702921684,4/21/2016,6075,4.63,4.63,0.17,0.88,0.83,2.21,0.0,19,14,240,1167,2671
4702921684,4/22/2016,5052,3.85,3.85,0.11,0.38,1.02,1.54,0.0,15,22,141,1262,2987
4702921684,4/23/2016,3312,2.52,2.52,0.01,0.32,1.23,1.68,0.0,19,11,208,1202,2928
4702921684,4/24/2016,8026,6.12,6.12,0.15,2.08,1.85,3.36,0.0,26,18,149,1247,2514
4702921684,4/25/2016,7193,5.48,5.48,0.03,0.13,2.28,2.73,0.0,21,19,273,1127,2787
4702921684,4/26/2016,5188,3.95,3.95,0.02,0.6,0.36,1.54,0.0,24,16,136,1264,2939
4702921684,4/27/2016,6992,5.33,5.33,0.0,0.51,0.95,3.41,0.0,23,21,208,1188,2981
4702921684,4/28/2016,5396,4.11,4.11,0.07,0.85,1.86,2.23,0.0,24,13,166,1237,2722
4702921684,4/29/2016,7549,5.75,5.75,0.43,1.03,1.08,3.15,0.0,17,11,180,1232,3071
4702921684,4/30/2016,5256,4.01,4.01,0.19,1.8,0.8,2.42,0.0,33,16,208,1183,2805
4702921684,5/1/2016,7719,5.88,5.88,0.04,0.43,1.2,2.13,0.0,29,13,187,1211,2507
4702921684,5/2/2016,5941,4.53,4.53,0.17,0.52,0.81,2.2,0.0,28,19,235,1158,2934
4702921684,5/3/2016,6375,4.86,4.86,0.01,0.53,0.34,2.62,0.0,22,15,163,1240,2600
4702921684,5/4/2016,6950,5.3,5.3,0.02,0.87,0.62,2.75,0.0,22,13,187,1218,2505
4702921684,5/5/2016,5008,3.82,3.82,0.02,0.56,0.3,1.92,0.0,24,18,234,1164,2413
4702921684,5/6/2016,7443,5.67,5.67,0.01,0.89,0.78,3.48,0.0,32,19,196,1193,2707
4702921684,5/7/2016,5643,4.3,4.3,0.0,1.19,0.52,1.59,0.0,24,10,268,1138,2869
4702921684,5/8/2016,6898,5.26,5.26,0.22,0.37,0.88,1.22,0.0,21,22,229,1168,2709
4702921684,5/9/2016,6219,4.74,4.74,0.05,0.38,0.35,2.45,0.0,30,16,185,1209,2739
4702921684,5/10/2016,6427,4.9,4.9,0.22,0.77,1.12,1.31,0.0,21,7,198,1214,2620
4702921684,5/11/2016,7262,5.53,5.53,0.01,0.73,1.26,2.38,0.0,22,20,218,1180,2734
4702921684,5/12/2016,8697,6.63,6.63,0.19,1.37,1.48,3.46,0.0,25,18,148,1249,2824
5553957443,4/12/2016,0,0.0,0.0,0.15,0.0,0.0,0.0,0.0,22,8,80,1330,2474
5553957443,4/13/2016,3125,2.38,2.38,0.11,0.07,0.57,0.86,0.0,16,16,221,1187,2402
5553957443,4/14/2016,1225,0.93,0.93,0.01,0.04,0.12,0.32,0.0,16,16,221,1187,2244
5553957443,4/15/2016,862,0.66,0.66,0.18,0.09,0.15,0.27,0.0,19,6,166,1249,2644
5553957443,4/16/2016,2901,2.21,2.21,0.27,0.3,0.24,1.19,0.0,14,6,144,1276,2634
5553957443,4/17/2016,3925,2.99,2.99,0.08,0.1,0.23,2.06,0.0,13,9,154,1264,2632
5553957443,4/18/2016,481,0.37,0.37,0.08,0.07,0.07,0.15,0.0,11,14,236,1179,2776
5553957443,4/19/2016,0,0.0,0.0,0.05,0.0,0.0,0.0,0.0,11,7,224,1198,2386
5553957443,4/20/2016,1162,0.89,0.89,0.07,0.11,0.08,0.65,0.0,18,14,256,1152,2643
5553957443,4/21/2016,3828,2.92,2.92,0.05,0.49,0.2,2.07,0.0,17,6,134,1283,2448
5553957443,4/22/2016,6267,4.78,4.78,0.08,0.28,0.63,2.86,0.0,13,7,194,1226,2585
5553957443,4/23/2016,3178,2.42,2.42,0.14,0.4,0.17,0.98,0.0,22,6,353,1059,2586
5553957443,4/24/2016,3781,2.88,2.88,0.02,0.07,0.45,0.97,0.0,15,13,199,1213,2627
5553957443,4/25/2016,5105,3.89,3.89,0.08,0.69,0.79,2.2,0.0,15,9,221,1195,2496
5553957443,4/26/2016,1356,1.03,1.03,0.16,0.02,0.13,0.69,0.0,12,10,209,1209,2762
5553957443,4/27/2016,1753,1.34,1.34,0.12,0.35,0.24,0.43,0.0,18,7,181,1234,2615
5553957443,4/28/2016,2724,2.08,2.08,0.07,0.12,0.16,0.71,0.0,13,8,149,1270,2933
5553957443,4/29/2016,94,0.07,0.07,0.03,0.01,0.01,0.04,0.0,20,8,138,1274,2765
5553957443,4/30/2016,1471,1.12,1.12,0.0,0.31,0.13,0.53,0.0,9,12,158,1261,2482
5553957443,5/1/2016,2740,2.09,2.09,0.1,0.08,0.55,0.77,0.0,16,8,277,1139,2668
5553957443,5/2/2016,482,0.37,0.37,0.22,0.0,0.09,0.22,0.0,15,7,251,1167,2544
5553957443,5/3/2016,3276,2.5,2.5,0.11,0.11,0.51,0.34,0.0,11,8,227,1194,2838
5553957443,5/4/2016,3002,2.29,2.29,0.05,0.51,0.46,0.82,0.0,14,21,164,1241,2320
5553957443,5/5/2016,2417,1.84,1.84,0.01,0.1,0.32,0.74,0.0,11,10,188,1231,2261
5553957443,5/6/2016,1391,1.06,1.06,0.0,0.21,0.13,0.45,0.0,13,5,270,1152,2593
5553957443,5/7/2016,3877,2.95,2.95,0.12,0.1,0.31,1.56,0.0,12,13,206,1209,2881
5553957443,5/8/2016,644,0.49,0.49,0.09,0.04,0.03,0.14,0.0,10,11,144,1275,2634
5553957443,5/9/2016,2683,2.04,2.04,0.03,0.08,0.4,1.47,0.0,13,9,176,1242,2849
5553957443,5/10/2016,3278,2.5,2.5,0.05,0.27,0.4,1.54,0.0,23,11,182,1224,2270
5553957443,5/11/2016,4444,3.39,3.39,0.01,0.15,0.17,1.65,0.0,10,9,205,1216,2836
5553957443,5/12/2016,3572,2.72,2.72,0.04,0.48,0.4,1.08,0.0,13,6,304,1117,2615
5577150313,4/12/2016,4770,3.63,3.63,0.05,0.19,0.36,1.61,0.0,8,9,153,1270,2308
5577150313,4/13/2016,7249,5.52,5.52,0.16,0.93,0.59,3.11,0.0,9,13,221,1197,2684
5577150313,4/14/2016,5192,3.96,3.96,0.13,0.13,0.51,0.96,0.0,14,8,163,1255,2644
5577150313,4/15/2016,4642,3.54,3.54,0.27,0.23,0.07,1.54,0.0,12,9,237,1182,2608
5577150313,4/16/2016,4273,3.26,3.26,0.01,0.14,0.2,0.9,0.0,6,4,318,1112,2665
5577150313,4/17/2016,8029,6.12,6.12,0.17,0.16,0.77,4.06,0.0,10,11,197,1222,2338
5577150313,4/18/2016,4127,3.14,3.14,0.05,0.05,0.43,0.74,0.0,12,8,143,1277,2250
5577150313,4/19/2016,6803,5.18,5.18,0.02,0.1,0.65,3.22,0.0,10,5,151,1274,2426
5577150313,4/20/2016,4932,3.76,3.76,0.23,0.13,0.49,1.8,0.0,9,6,268,1157,2509
5577150313,4/21/2016,7590,5.78,5.78,0.42,0.57,0.49,3.43,0.0,11,7,156,1266,2464
5577150313,4/22/2016,3271,2.49,2.49,0.22,0.32,0.31,2.16,0.0,14,8,201,1217,2817
5577150313,4/23/2016,3336,2.54,2.54,0.05,0.09,0.25,1.31,0.0,14,10,179,1237,2645
5577150313,4/24/2016,4594,3.5,3.5,0.07,0.2,0.37,1.22,0.0,8,8,121,1303,2551
5577150313,4/25/2016,6617,5.04,5.04,0.08,0.2,0.17,0.89,0.0,16,12,256,1156,2339
5577150313,4/26/2016,3267,2.49,2.49,0.01,0.3,0.21,1.52,0.0,11,7,124,1298,2852
5577150313,4/27/2016,5405,4.12,4.12,0.26,0.56,0.22,2.41,0.0,12,6,267,1155,2201
5577150313,4/28/2016,5891,4.49,4.49,0.33,0.11,0.73,2.76,0.0,7,4,197,1232,2535
5577150313,4/29/2016,3126,2.38,2.38,0.15,0.14,0.32,0.96,0.0,18,10,182,1230,2529
5577150313,4/30/2016,4229,3.22,3.22,0.1,0.05,0.28,1.61,0.0,10,9,246,1175,1919
5577150313,5/1/2016,3391,2.58,2.58,0.09,0.06,0.17,1.61,0.0,12,5,313,1110,2648
5577150313,5/2/2016,3592,2.74,2.74,0.51,0.03,0.28,1.73,0.0,16,8,309,1107,2543
5577150313,5/3/2016,6489,4.94,4.94,0.13,0.7,0.59,3.62,0.0,6,10,151,1273,2622
5577150313,5/4/2016,4118,3.14,3.14,0.15,0.14,0.38,0.86,0.0,10,5,149,1276,2364
5577150313,5/5/2016,8124,6.19,6.19,0.0,0.37,0.59,4.47,0.0,14,8,180,1238,2511
5577150313,5/6/2016,4037,3.08,3.08,0.07,0.15,0.42,2.31,0.0,12,6,277,1145,2329
5577150313,5/7/2016,3813,2.91,2.91,0.14,0.47,0.26,1.51,0.0,9,2,245,1184,2607
5577150313,5/8/2016,5186,3.95,3.95,0.09,0.03,0.36,3.06,0.0,10,5,250,1175,2316
5577150313,5/9/2016,5409,4.12,4.12,0.05,0.12,0.4,1.39,0.0,8,4,143,1285,2524
5577150313,5/10/2016,1270,0.97,0.97,0.09,0.02,0.14,0.3,0.0,14,11,133,1282,2250
5577150313,5/11/2016,8736,6.66,6.66,0.11,0.97,1.36,1.63,0.0,7,8,159,1266,2597
5577150313,5/12/2016,6347,4.84,4.84,0.07,0.17,0.44,1.2,0.0,5,6,177,1252,2475
6117666160,4/12/2016,5903,4.5,4.5,0.07,0.55,1.31,1.93,0.0,28,18,302,1092,2913
6117666160,4/13/2016,7810,5.95,5.95,0.1,1.74,1.71,3.94,0.0,34,17,300,1089,3503
6117666160,4/14/2016,6147,4.68,4.68,0.08,2.37,2.36,2.47,0.0,21,18,259,1142,2772
6117666160,4/15/2016,8306,6.33,6.33,0.11,1.67,2.42,4.52,0.0,38,10,140,1252,3268
6117666160,4/16/2016,9250,7.05,7.05,0.33,0.64,1.59,5.4,0.0,32,24,247,1137,3330
6117666160,4/17/2016,6864,5.23,5.23,0.07,0.59,1.65,2.45,0.0,31,19,193,1197,3630
6117666160,4/18/2016,6703,5.11,5.11,0.38,0.77,0.66,3.21,0.0,36,17,150,1237,2368
6117666160,4/19/2016,7380,5.62,5.62,0.1,1.34,0.66,3.94,0.0,33,21,232,1154,2894
6117666160,4/20/2016,10438,7.95,7.95,0.11,1.3,1.47,4.2,0.0,30,17,225,1168,3007
6117666160,4/21/2016,7309,5.57,5.57,0.1,1.71,1.89,3.05,0.0,26,17,96,1301,2891
6117666160,4/22/2016,5386,4.1,4.1,0.24,0.89,1.95,2.3,0.0,30,20,203,1187,3143
6117666160,4/23/2016,6663,5.08,5.08,0.07,0.22,1.83,3.42,0.0,30,15,295,1100,2970
6117666160,4/24/2016,7406,5.64,5.64,0.09,1.89,1.47,4.4,0.0,27,19,0,1397,2844
6117666160,4/25/2016,9550,7.28,7.28,0.24,0.3,3.27,4.51,0.0,29,23,245,1143,3347
6117666160,4/26/2016,9299,7.09,7.09,0.0,3.56,2.49,2.18,0.0,20,7,309,1104,3284
6117666160,4/27/2016,9386,7.15,7.15,0.12,1.37,1.07,3.05,0.0,27,26,229,1158,3131
6117666160,4/28/2016,7713,5.88,5.88,0.06,1.37,0.7,2.72,0.0,38,25,161,1216,3233
6117666160,4/29/2016,6493,4.95,4.95,0.06,0.39,1.69,2.13,0.0,33,11,132,1264,2991
6117666160,4/30/2016,5736,4.37,4.37,0.26,1.95,1.42,0.82,0.0,36,15,173,1216,3455
6117666160,5/1/2016,5685,4.33,4.33,0.32,0.37,2.63,1.29,0.0,27,15,205,1193,3022
6117666160,5/2/2016,6668,5.08,5.08,0.06,1.26,0.74,2.23,0.0,32,22,239,1147,2970
6117666160,5/3/2016,9001,6.86,6.86,0.05,1.17,1.95,4.25,0.0,26,12,239,1163,2914
6117666160,5/4/2016,7767,5.92,5.92,0.35,2.3,2.03,3.64,0.0,28,24,182,1206,2979
6117666160,5/5/2016,6674,5.09,5.09,0.07,1.0,1.7,2.17,0.0,27,20,98,1295,3112
6117666160,5/6/2016,8119,6.19,6.19,0.0,0.28,2.13,4.06,0.0,21,28,235,1156,3113
6117666160,5/7/2016,6859,5.23,5.23,0.08,1.96,1.79,0.9,0.0,29,21,163,1227,2948
6117666160,5/8/2016,7667,5.84,5.84,0.1,1.11,1.65,2.54,0.0,34,27,226,1153,3257
6117666160,5/9/2016,8935,6.81,6.81,0.1,1.37,2.3,2.86,0.0,23,19,271,1127,2923
6117666160,5/10/2016,8670,6.61,6.61,0.09,1.04,2.08,3.72,0.0,25,14,204,1197,3082
6117666160,5/11/2016,6644,5.06,5.06,0.14,1.09,1.51,3.4,0.0,36,19,201,1184,2817
6117666160,5/12/2016,6554,4.99,4.99,0.16,0.31,1.74,2.49,0.0,29,18,153,1240,3131
6290855005,4/12/2016,2836,2.16,2.16,0.09,0.61,0.77,1.42,0.0,27,12,275,1126,3588
6290855005,4/13/2016,4153,3.16,3.16,0.0,0.72,0.86,1.43,0.0,13,12,324,1091,3343
6290855005,4/14/2016,4955,3.78,3.78,0.08,0.58,0.24,1.78,0.0,19,13,236,1172,3252
6290855005,4/15/2016,2749,2.09,2.09,0.1,0.28,0.08,1.37,0.0,19,13,201,1207,2955
6290855005,4/16/2016,4592,3.5,3.5,0.09,0.14,0.36,1.65,0.0,21,8,228,1183,3480
6290855005,4/17/2016,996,0.76,0.76,0.02,0.06,0.31,0.34,0.0,22,17,234,1167,3655
6290855005,4/18/2016,2825,2.15,2.15,0.03,0.13,0.4,1.12,0.0,24,9,214,1193,3099
6290855005,4/19/2016,2939,2.24,2.24,0.04,0.28,0.19,1.46,0.0,33,16,200,1191,3170
6290855005,4/20/2016,4932,3.76,3.76,0.06,1.06,0.93,1.46,0.0,25,16,134,1265,3212
6290855005,4/21/2016,4007,3.05,3.05,0.06,0.34,0.09,1.47,0.0,22,7,284,1127,3090
6290855005,4/22/2016,4135,3.15,3.15,0.01,0.65,0.7,1.19,0.0,19,13,204,1204,3480
6290855005,4/23/2016,1441,1.1,1.1,0.06,0.41,0.11,0.68,0.0,22,16,179,1223,3510
6290855005,4/24/2016,5216,3.97,3.97,0.08,0.51,0.21,1.34,0.0,24,18,247,1151,3231
6290855005,4/25/2016,3794,2.89,2.89,0.27,0.44,0.46,1.89,0.0,27,16,245,1152,3413
6290855005,4/26/2016,4497,3.43,3.43,0.1,0.46,0.45,1.41,0.0,29,12,205,1194,3453
6290855005,4/27/2016,5499,4.19,4.19,0.05,1.14,1.2,2.86,0.0,25,6,209,1200,3413
6290855005,4/28/2016,6682,5.09,5.09,0.04,0.88,0.84,3.4,0.0,25,10,223,1182,3525
6290855005,4/29/2016,2798,2.13,2.13,0.46,0.33,0.59,0.64,0.0,19,8,266,1147,3473
6290855005,4/30/2016,3637,2.77,2.77,0.53,0.07,0.36,0.83,0.0,21,19,197,1203,3174
6290855005,5/1/2016,5389,4.11,4.11,0.01,0.3,1.29,2.24,0.0,21,15,217,1187,3557
6290855005,5/2/2016,5561,4.24,4.24,0.01,0.8,0.28,1.61,0.0,24,11,187,1218,3551
6290855005,5/3/2016,2590,1.97,1.97,0.09,0.22,0.32,0.76,0.0,21,12,167,1240,3150
6290855005,5/4/2016,2887,2.2,2.2,0.04,0.19,0.46,1.39,0.0,16,16,173,1235,3723
6290855005,5/5/2016,2910,2.22,2.22,0.17,0.04,0.57,1.4,0.0,18,15,280,1127,3442
6290855005,5/6/2016,2493,1.9,1.9,0.06,0.63,0.63,0.88,0.0,26,12,206,1196,3263
6290855005,5/7/2016,2534,1.93,1.93,0.03,0.25,0.15,0.44,0.0,30,13,149,1248,3209
6290855005,5/8/2016,4930,3.76,3.76,0.03,0.46,1.58,1.36,0.0,14,10,268,1148,3053
6290855005,5/9/2016,230,0.18,0.18,0.12,0.01,0.03,0.14,0.0,26,13,178,1223,3421
6290855005,5/10/2016,4164,3.17,3.17,0.07,1.2,0.49,1.68,0.0,31,17,160,1232,3285
6290855005,5/11/2016,1538,1.17,1.17,0.05,0.05,0.19,0.19,0.0,23,16,149,1252,3405
6290855005,5/12/2016,5673,4.32,4.32,0.03,0.58,1.16,0.78,0.0,22,8,258,1152,3289
6775888955,4/12/2016,12629,9.62,9.62,0.05,1.08,0.91,4.83,0.0,30,20,257,1133,3070
6775888955,4/13/2016,9457,7.21,7.21,0.05,0.13,1.27,2.13,0.0,41,16,223,1160,3558
6775888955,4/14/2016,9065,6.91,6.91,0.12,1.16,1.86,2.38,0.0,31,22,270,1117,3628
6775888955,4/15/2016,10531,8.02,8.02,0.47,2.7,2.3,5.96,0.0,24,26,225,1165,3136
6775888955,4/16/2016,9974,7.6,7.6,0.12,1.83,2.94,3.07,0.0,27,23,208,1182,3800
6775888955,4/17/2016,9363,7.13,7.13,0.12,2.08,2.23,2.69,0.0,30,13,224,1173,3444
6775888955,4/18/2016,11330,8.63,8.63,0.17,1.44,1.14,4.6,0.0,17,16,254,1153,3402
6775888955,4/19/2016,11153,8.5,8.5,0.04,0.2,1.2,3.67,0.0,29,8,156,1247,3434
6775888955,4/20/2016,9021,6.87,6.87,0.05,1.59,1.79,5.08,0.0,27,18,264,1131,3390
6775888955,4/21/2016,6835,5.21,5.21,0.02,1.06,0.96,2.5,0.0,25,20,192,1203,3531
6775888955,4/22/2016,9735,7.42,7.42,0.21,0.17,2.48,5.66,0.0,22,15,215,1188,3070
6775888955,4/23/2016,10941,8.34,8.34,0.1,1.13,1.36,2.45,0.0,28,22,248,1142,3313
6775888955,4/24/2016,8988,6.85,6.85,0.02,0.83,2.19,4.68,0.0,22,21,271,1126,3162
6775888955,4/25/2016,11822,9.01,9.01,0.02,2.69,1.01,7.03,0.0,19,20,149,1252,3332
6775888955,4/26/2016,10119,7.71,7.71,0.12,2.46,1.6,3.12,0.0,19,13,256,1152,3551
6775888955,4/27/2016,11622,8.86,8.86,0.11,0.64,2.06,3.72,0.0,21,18,262,1139,3286
6775888955,4/28/2016,11430,8.71,8.71,0.03,1.04,1.83,6.86,0.0,27,26,130,1257,3192
6775888955,4/29/2016,11498,8.76,8.76,0.06,2.06,4.54,4.73,0.0,26,14,310,1090,3528
6775888955,4/30/2016,10021,7.64,7.64,0.28,1.63,3.18,3.9,0.0,21,16,217,1186,3102
6775888955,5/1/2016,8389,6.39,6.39,0.31,0.64,1.69,3.68,0.0,28,22,162,1228,3441
6775888955,5/2/2016,10414,7.94,7.94,0.02,0.63,3.13,4.42,0.0,23,19,249,1149,3661
6775888955,5/3/2016,12052,9.18,9.18,0.06,4.47,2.63,1.86,0.0,23,13,132,1272,3281
6775888955,5/4/2016,11067,8.43,8.43,0.06,0.63,2.27,4.55,0.0,29,17,151,1243,3624
6775888955,5/5/2016,10854,8.27,8.27,0.1,2.25,3.97,3.0,0.0,24,18,201,1197,3103
6775888955,5/6/2016,12258,9.34,9.34,0.03,1.4,0.98,4.14,0.0,28,23,204,1185,3223
6775888955,5/7/2016,11454,8.73,8.73,0.22,1.02,2.06,5.95,0.0,23,16,137,1264,3312
6775888955,5/8/2016,10689,8.15,8.15,0.01,0.66,2.94,5.6,0.0,20,22,259,1139,3226
6775888955,5/9/2016,9441,7.19,7.19,0.18,1.25,0.97,2.56,0.0,27,16,166,1231,3432
6775888955,5/10/2016,9721,7.41,7.41,0.27,1.23,3.07,3.33,0.0,20,16,138,1266,3236
6775888955,5/11/2016,11304,8.61,8.61,0.04,2.16,4.01,3.4,0.0,29,21,220,1170,3425
6775888955,5/12/2016,12075,9.2,9.2,0.31,1.51,3.1,3.78,0.0,23,13,180,1224,3088
6962181067,4/12/2016,6548,4.99,4.99,0.01,0.84,2.72,3.18,0.0,28,12,161,1239,3290
6962181067,4/13/2016,5137,3.91,3.91,0.05,0.83,0.71,2.85,0.0,29,22,242,1147,3229
6962181067,4/14/2016,4742,3.61,3.61,0.19,1.07,0.86,2.07,0.0,34,5,200,1201,2990
6962181067,4/15/2016,5140,3.92,3.92,0.11,0.78,1.0,2.05,0.0,26,13,166,1235,3352
6962181067,4/16/2016,1570,1.2,1.2,0.06,0.04,0.08,0.71,0.0,22,13,225,1180,3266
6962181067,4/17/2016,4726,3.6,3.6,0.32,0.66,0.9,0.95,0.0,24,14,202,1200,3274
6962181067,4/18/2016,6416,4.89,4.89,0.03,0.68,0.99,3.0,0.0,28,22,204,1186,3442
6962181067,4/19/2016,4828,3.68,3.68,0.37,0.98,0.67,1.99,0.0,15,16,263,1146,3033
6962181067,4/20/2016,5335,4.07,4.07,0.18,0.69,0.56,2.41,0.0,28,14,126,1272,3472
6962181067,4/21/2016,3293,2.51,2.51,0.15,0.79,0.13,0.88,0.0,25,17,149,1249,3478
6962181067,4/22/2016,4292,3.27,3.27,0.0,0.1,0.45,1.71,0.0,28,14,197,1201,3589
6962181067,4/23/2016,1953,1.49,1.49,0.01,0.34,0.31,0.9,0.0,36,20,214,1170,3364
6962181067,4/24/2016,3961,3.02,3.02,0.12,0.46,1.21,1.04,0.0,24,17,117,1282,3187
6962181067,4/25/2016,3229,2.46,2.46,0.01,0.53,0.79,0.98,0.0,19,10,265,1146,3411
6962181067,4/26/2016,4797,3.66,3.66,0.0,0.42,0.51,1.13,0.0,19,20,165,1236,3134
6962181067,4/27/2016,4010,3.06,3.06,0.0,0.1,0.68,1.03,0.0,23,16,237,1164,3359
6962181067,4/28/2016,4837,3.69,3.69,0.0,0.17,0.48,1.4,0.0,28,18,193,1201,3431
6962181067,4/29/2016,4113,3.13,3.13,0.03,0.18,0.21,0.77,0.0,27,20,201,1192,3160
6962181067,4/30/2016,4439,3.38,3.38,0.04,0.1,1.13,0.69,0.0,23,17,88,1312,3324
6962181067,5/1/2016,1328,1.01,1.01,0.08,0.09,0.24,0.56,0.0,27,18,135,1260,3400
6962181067,5/2/2016,6387,4.87,4.87,0.0,0.69,2.01,2.24,0.0,27,17,229,1167,3364
6962181067,5/3/2016,3687,2.81,2.81,0.42,0.33,0.86,0.9,0.0,22,18,289,1111,3434
6962181067,5/4/2016,6135,4.67,4.67,0.21,0.13,1.18,3.24,0.0,24,19,145,1252,3218
6962181067,5/5/2016,6618,5.04,5.04,0.0,0.28,0.81,1.68,0.0,25,12,105,1298,3263
6962181067,5/6/2016,5388,4.11,4.11,0.48,0.85,1.34,1.15,0.0,32,20,187,1201,3271
6962181067,5/7/2016,6331,4.82,4.82,0.3,0.7,1.29,2.62,0.0,27,22,224,1167,3296
6962181067,5/8/2016,3949,3.01,3.01,0.33,0.13,0.52,1.94,0.0,26,15,244,1155,3197
6962181067,5/9/2016,4903,3.74,3.74,0.16,0.46,0.99,2.13,0.0,25,18,220,1177,3420
6962181067,5/10/2016,3749,2.86,2.86,0.0,0.54,0.78,1.49,0.0,29,15,163,1233,3463
6962181067,5/11/2016,3416,2.6,2.6,0.16,0.67,0.92,0.98,0.0,32,17,245,1146,3467
6962181067,5/12/2016,4478,3.41,3.41,0.08,0.8,0.9,1.11,0.0,30,12,92,1306,3282
7007744171,4/12/2016,0,0.0,0.0,0.07,0.0,0.0,0.0,0.0,16,5,155,1264,2709
7007744171,4/13/2016,0,0.0,0.0,0.04,0.0,0.0,0.0,0.0,9,2,181,1248,2482
7007744171,4/14/2016,0,0.0,0.0,0.36,0.0,0.0,0.0,0.0,4,4,155,1277,2332
7007744171,4/15/2016,0,0.0,0.0,0.35,0.0,0.0,0.0,0.0,9,2,208,1221,2552
7007744171,4/16/2016,0,0.0,0.0,0.14,0.0,0.0,0.0,0.0,13,7,143,1277,1956
7007744171,4/17/2016,1201,0.92,0.92,0.04,0.03,0.02,0.45,0.0,16,5,184,1235,2492
7007744171,4/18/2016,0,0.0,0.0,0.62,0.0,0.0,0.0,0.0,7,10,205,1218,2451
7007744171,4/19/2016,0,0.0,0.0,0.09,0.0,0.0,0.0,0.0,11,2,164,1263,2649
7007744171,4/20/2016,0,0.0,0.0,0.07,0.0,0.0,0.0,0.0,10,5,266,1159,2549
7007744171,4/21/2016,0,0.0,0.0,0.1,0.0,0.0,0.0,0.0,10,4,269,1157,2204
7007744171,4/22/2016,0,0.0,0.0,0.13,0.0,0.0,0.0,0.0,5,5,128,1302,2473
7007744171,4/23/2016,0,0.0,0.0,0.0,0.0,0.0,0.0,0.0,10,4,155,1271,2477
7007744171,4/24/2016,0,0.0,0.0,0.41,0.0,0.0,0.0,0.0,10,14,194,1222,2543
7007744171,4/25/2016,0,0.0,0.0,0.1,0.0,0.0,0.0,0.0,9,7,161,1263,2572
7007744171,4/26/2016,1146,0.87,0.87,0.02,0.13,0.09,0.33,0.0,17,5,183,1235,2551
7007744171,4/27/2016,1626,1.24,1.24,0.22,0.16,0.09,0.73,0.0,12,9,145,1274,2477
7007744171,4/28/2016,0,0.0,0.0,0.03,0.0,0.0,0.0,0.0,17,11,211,1201,2411
7007744171,4/29/2016,0,0.0,0.0,0.03,0.0,0.0,0.0,0.0,14,2,216,1208,2463
7007744171,4/30/2016,0,0.0,0.0,0.03,0.0,0.0,0.0,0.0,9,9,220,1202,2624
7007744171,5/1/2016,0,0.0,0.0,0.07,0.0,0.0,0.0,0.0,9,8,188,1235,2712
7007744171,5/2/2016,0,0.0,0.0,0.23,0.0,0.0,0.0,0.0,5,11,225,1199,2490
7007744171,5/3/2016,0,0.0,0.0,0.0,0.0,0.0,0.0,0.0,8,9,147,1276,2449
7007744171,5/4/2016,0,0.0,0.0,0.09,0.0,0.0,0.0,0.0,8,8,250,1174,2378
7007744171,5/5/2016,778,0.59,0.59,0.01,0.05,0.11,0.23,0.0,13,8,126,1293,2582
7007744171,5/6/2016,0,0.0,0.0,0.33,0.0,0.0,0.0,0.0,14,6,210,1210,2583
7007744171,5/7/2016,1415,1.08,1.08,0.02,0.13,0.12,0.62,0.0,8,9,172,1251,2237
7007744171,5/8/2016,0,0.0,0.0,0.2,0.0,0.0,0.0,0.0,10,3,151,1276,2461
7007744171,5/9/2016,0,0.0,0.0,0.18,0.0,0.0,0.0,0.0,17,8,175,1240,2444
7007744171,5/10/2016,0,0.0,0.0,0.16,0.0,0.0,0.0,0.0,8,3,147,1282,2318
7007744171,5/11/2016,0,0.0,0.0,0.05,0.0,0.0,0.0,0.0,11,7,208,1214,2141
7007744171,5/12/2016,0,0.0,0.0,0.11,0.0,0.0,0.0,0.0,8,10,175,1247,2678
7086361926,4/12/2016,3629,2.77,2.77,0.01,0.13,0.38,1.77,0.0,11,6,219,1204,2619
7086361926,4/13/2016,2908,2.22,2.22,0.17,0.11,0.18,1.66,0.0,12,7,178,1243,2882
7086361926,4/14/2016,2838,2.16,2.16,0.06,0.12,0.06,1.38,0.0,17,11,191,1221,2724
7086361926,4/15/2016,6686,5.09,5.09,0.07,0.27,0.37,2.59,0.0,12,5,224,1199,2659
7086361926,4/16/2016,4196,3.2,3.2,0.01,0.06,0.31,1.18,0.0,8,5,257,1170,2582
7086361926,4/17/2016,491,0.37,0.37,0.01,0.02,0.02,0.31,0.0,12,3,198,1227,2852
7086361926,4/18/2016,7441,5.67,5.67,0.29,0.59,0.16,3.93,0.0,4,8,201,1227,2622
7086361926,4/19/2016,7469,5.69,5.69,0.05,0.28,0.73,3.25,0.0,14,3,125,1298,2828
7086361926,4/20/2016,7061,5.38,5.38,0.18,0.51,0.52,4.81,0.0,14,4,190,1232,2689
7086361926,4/21/2016,5242,3.99,3.99,0.08,0.14,0.54,2.43,0.0,12,5,195,1228,2611
7086361926,4/22/2016,1792,1.37,1.37,0.42,0.15,0.1,0.34,0.0,16,8,159,1257,2903
7086361926,4/23/2016,5630,4.29,4.29,0.02,0.56,0.21,1.99,0.0,13,8,250,1169,2524
7086361926,4/24/2016,5203,3.96,3.96,0.24,0.34,0.71,1.87,0.0,13,2,134,1291,2743
7086361926,4/25/2016,5002,3.81,3.81,0.58,0.37,0.1,2.25,0.0,13,5,191,1231,2653
7086361926,4/26/2016,6527,4.97,4.97,0.14,0.16,0.85,1.98,0.0,14,4,250,1172,2442
7086361926,4/27/2016,7046,5.37,5.37,0.0,0.34,0.85,2.15,0.0,12,9,123,1296,2624
7086361926,4/28/2016,5344,4.07,4.07,0.03,0.55,0.42,2.29,0.0,16,11,217,1196,2709
7086361926,4/29/2016,4283,3.26,3.26,0.29,0.22,0.17,1.36,0.0,6,7,264,1163,2717
7086361926,4/30/2016,2640,2.01,2.01,0.43,0.2,0.37,0.86,0.0,10,5,232,1193,3029
7086361926,5/1/2016,3763,2.87,2.87,0.06,0.47,0.2,2.15,0.0,10,2,244,1184,2591
7086361926,5/2/2016,5758,4.39,4.39,0.0,0.36,0.82,2.91,0.0,8,6,169,1257,2729
7086361926,5/3/2016,5116,3.9,3.9,0.09,0.07,0.1,1.53,0.0,9,2,169,1260,2741
7086361926,5/4/2016,3855,2.94,2.94,0.04,0.05,0.49,0.88,0.0,6,8,164,1262,3003
7086361926,5/5/2016,5858,4.46,4.46,0.17,0.3,0.24,1.82,0.0,9,4,213,1214,3030
7086361926,5/6/2016,6498,4.95,4.95,0.3,0.14,0.81,1.9,0.0,7,4,199,1230,2238
7086361926,5/7/2016,4042,3.08,3.08,0.05,0.24,0.31,0.69,0.0,11,8,190,1231,2741
7086361926,5/8/2016,5205,3.97,3.97,0.34,0.22,0.26,2.48,0.0,14,5,146,1275,2441
7086361926,5/9/2016,5932,4.52,4.52,0.04,0.21,0.37,2.34,0.0,14,4,207,1215,2943
7086361926,5/10/2016,3552,2.71,2.71,0.08,0.06,0.06,0.7,0.0,11,7,160,1262,2806
7086361926,5/11/2016,6593,5.02,5.02,0.04,0.2,0.5,3.61,0.0,7,6,88,1339,2627
7086361926,5/12/2016,5979,4.56,4.56,0.06,0.08,0.3,3.26,0.0,9,5,247,1179,2971
8053475328,4/12/2016,0,0.0,0.0,0.22,0.0,0.0,0.0,0.0,11,4,173,1252,2676
8053475328,4/13/2016,2394,1.82,1.82,0.07,0.21,0.1,0.88,0.0,7,5,192,1236,2613
8053475328,4/14/2016,1993,1.52,1.52,0.39,0.12,0.03,0.51,0.0,9,3,177,1251,2545
8053475328,4/15/2016,0,0.0,0.0,0.04,0.0,0.0,0.0,0.0,14,6,263,1157,2621
8053475328,4/16/2016,1282,0.98,0.98,0.11,0.04,0.07,0.49,0.0,6,7,178,1249,2527
8053475328,4/17/2016,0,0.0,0.0,0.33,0.0,0.0,0.0,0.0,9,4,232,1195,2264
8053475328,4/18/2016,0,0.0,0.0,0.05,0.0,0.0,0.0,0.0,13,7,226,1194,2418
8053475328,4/19/2016,4110,3.13,3.13,0.02,0.19,0.25,1.16,0.0,5,5,135,1295,2798
8053475328,4/20/2016,1336,1.02,1.02,0.08,0.06,0.08,0.54,0.0,9,2,304,1125,2781
8053475328,4/21/2016,0,0.0,0.0,0.0,0.0,0.0,0.0,0.0,4,3,123,1310,2334
8053475328,4/22/2016,0,0.0,0.0,0.04,0.0,0.0,0.0,0.0,13,6,204,1217,2476
8053475328,4/23/2016,1352,1.03,1.03,0.2,0.07,0.15,0.74,0.0,7,9,213,1211,2750
8053475328,4/24/2016,2171,1.65,1.65,0.23,0.09,0.2,1.2,0.0,11,5,192,1232,2503
8053475328,4/25/2016,0,0.0,0.0,0.1,0.0,0.0,0.0,0.0,1,14,232,1193,2147
8053475328,4/26/2016,153,0.12,0.12,0.1,0.01,0.02,0.07,0.0,12,8,272,1148,2515
8053475328,4/27/2016,4041,3.08,3.08,0.02,0.09,0.36,1.67,0.0,11,11,269,1149,2858
8053475328,4/28/2016,6,0.0,0.0,0.05,0.0,0.0,0.0,0.0,12,2,181,1245,2699
8053475328,4/29/2016,2527,1.93,1.93,0.02,0.09,0.21,0.26,0.0,11,3,91,1335,2958
8053475328,4/30/2016,1124,0.86,0.86,0.15,0.07,0.06,0.41,0.0,8,8,238,1186,2181
8053475328,5/1/2016,3882,2.96,2.96,0.03,0.08,0.55,1.55,0.0,8,9,129,1294,2541
8053475328,5/2/2016,1518,1.16,1.16,0.15,0.05,0.06,0.56,0.0,9,9,127,1295,2767
8053475328,5/3/2016,246,0.19,0.19,0.14,0.02,0.01,0.09,0.0,9,4,177,1250,2342
8053475328,5/4/2016,396,0.3,0.3,0.02,0.01,0.02,0.12,0.0,18,4,241,1177,2785
8053475328,5/5/2016,61,0.05,0.05,0.05,0.0,0.0,0.03,0.0,12,4,147,1277,2478
8053475328,5/6/2016,2137,1.63,1.63,0.35,0.25,0.19,0.67,0.0,12,9,136,1283,2491
8053475328,5/7/2016,0,0.0,0.0,0.01,0.0,0.0,0.0,0.0,9,8,218,1205,2537
8053475328,5/8/2016,1452,1.11,1.11,0.08,0.09,0.09,0.69,0.0,13,9,261,1157,2262
8053475328,5/9/2016,1566,1.19,1.19,0.04,0.1,0.19,0.52,0.0,15,8,266,1151,2771
8053475328,5/10/2016,689,0.53,0.53,0.17,0.01,0.05,0.31,0.0,10,11,200,1219,2861
8053475328,5/11/2016,0,0.0,0.0,0.24,0.0,0.0,0.0,0.0,12,9,159,1260,2423
8053475328,5/12/2016,787,0.6,0.6,0.1,0.04,0.04,0.41,0.0,2,7,200,1231,2303
8253242879,4/12/2016,3624,2.76,2.76,0.01,0.33,0.57,1.63,0.0,19,21,212,1188,2626
8253242879,4/13/2016,6041,4.6,4.6,0.15,1.69,0.54,3.02,0.0,12,15,210,1203,2708
8253242879,4/14/2016,3950,3.01,3.01,0.14,0.14,0.38,1.78,0.0,15,7,121,1297,2819
8253242879,4/15/2016,3616,2.76,2.76,0.03,0.19,0.49,2.3,0.0,13,16,193,1218,2684
8253242879,4/16/2016,2385,1.82,1.82,0.0,0.06,0.58,1.13,0.0,15,13,143,1269,2478
8253242879,4/17/2016,3027,2.31,2.31,0.25,0.22,0.14,1.42,0.0,18,24,267,1131,2900
8253242879,4/18/2016,3280,2.5,2.5,0.03,0.34,0.27,1.2,0.0,19,9,246,1166,2654
8253242879,4/19/2016,2607,1.99,1.99,0.08,0.41,0.14,0.78,0.0,13,14,228,1185,2780
8253242879,4/20/2016,398,0.3,0.3,0.03,0.03,0.12,0.08,0.0,11,11,141,1277,2923
8253242879,4/21/2016,3744,2.85,2.85,0.08,0.35,0.28,1.95,0.0,21,8,181,1230,2534
8253242879,4/22/2016,4392,3.35,3.35,0.11,0.06,0.92,2.55,0.0,19,14,183,1224,3181
8253242879,4/23/2016,936,0.71,0.71,0.14,0.09,0.13,0.33,0.0,19,13,266,1142,2493
8253242879,4/24/2016,4194,3.2,3.2,0.09,0.62,0.29,1.04,0.0,9,9,284,1138,2522
8253242879,4/25/2016,5677,4.33,4.33,0.04,0.4,0.18,2.06,0.0,11,6,229,1194,2883
8253242879,4/26/2016,584,0.45,0.45,0.33,0.01,0.07,0.29,0.0,16,8,146,1270,2519
8253242879,4/27/2016,5236,3.99,3.99,0.01,0.68,0.49,1.89,0.0,22,6,148,1264,3044
8253242879,4/28/2016,2636,2.01,2.01,0.16,0.2,0.31,1.07,0.0,10,16,108,1306,2752
8253242879,4/29/2016,2466,1.88,1.88,0.15,0.17,0.28,0.64,0.0,12,6,248,1174,2746
8253242879,4/30/2016,2408,1.83,1.83,0.04,0.09,0.45,1.34,0.0,23,8,159,1250,2867
8253242879,5/1/2016,2934,2.24,2.24,0.14,0.33,0.23,1.06,0.0,15,11,157,1257,3245
8253242879,5/2/2016,3414,2.6,2.6,0.03,0.37,0.88,1.7,0.0,22,13,299,1106,2707
8253242879,5/3/2016,2244,1.71,1.71,0.0,0.16,0.39,0.78,0.0,18,13,160,1249,2669
8253242879,5/4/2016,2380,1.81,1.81,0.05,0.11,0.23,0.57,0.0,22,9,128,1281,2878
8253242879,5/5/2016,3301,2.52,2.52,0.13,0.19,0.06,1.3,0.0,17,7,169,1247,2611
8253242879,5/6/2016,4540,3.46,3.46,0.03,0.4,0.93,1.34,0.0,17,10,175,1238,2615
8253242879,5/7/2016,658,0.5,0.5,0.07,0.03,0.11,0.3,0.0,16,6,236,1182,2389
8253242879,5/8/2016,3949,3.01,3.01,0.05,0.78,0.16,1.51,0.0,6,5,199,1230,2393
8253242879,5/9/2016,2296,1.75,1.75,0.38,0.32,0.45,0.22,0.0,27,16,198,1199,2918
8253242879,5/10/2016,1879,1.43,1.43,0.08,0.17,0.21,0.56,0.0,20,5,228,1187,3086
8253242879,5/11/2016,2009,1.53,1.53,0.01,0.05,0.17,0.68,0.0,23,12,120,1285,2638
8253242879,5/12/2016,1764,1.34,1.34,0.03,0.09,0.22,0.57,0.0,11,16,235,1178,3110
8378563200,4/12/2016,2196,1.67,1.67,0.02,0.24,0.35,0.46,0.0,22,15,183,1220,2988
8378563200,4/13/2016,4328,3.3,3.3,0.09,0.19,1.51,1.3,0.0,17,10,204,1209,2788
8378563200,4/14/2016,4549,3.47,3.47,0.03,0.78,0.57,2.56,0.0,17,15,113,1295,2828
8378563200,4/15/2016,5339,4.07,4.07,0.16,0.81,0.93,2.46,0.0,22,14,268,1136,2780
8378563200,4/16/2016,1375,1.05,1.05,0.17,0.14,0.21,0.4,0.0,23,14,173,1230,3077
8378563200,4/17/2016,1259,0.96,0.96,0.0,0.24,0.09,0.74,0.0,20,12,272,1136,2758
8378563200,4/18/2016,5934,4.52,4.52,0.27,1.56,0.44,2.94,0.0,18,15,238,1169,3121
8378563200,4/19/2016,3157,2.41,2.41,0.09,0.42,0.1,0.76,0.0,23,14,197,1206,2678
8378563200,4/20/2016,617,0.47,0.47,0.11,0.03,0.08,0.28,0.0,21,12,246,1161,2755
8378563200,4/21/2016,2558,1.95,1.95,0.01,0.06,0.57,0.87,0.0,19,12,213,1196,3272
8378563200,4/22/2016,6389,4.87,4.87,0.2,0.21,0.61,1.46,0.0,15,13,206,1206,2590
8378563200,4/23/2016,1407,1.07,1.07,0.05,0.2,0.11,0.39,0.0,17,14,226,1183,2928
8378563200,4/24/2016,2529,1.93,1.93,0.11,0.09,0.15,0.5,0.0,17,14,219,1190,2845
8378563200,4/25/2016,3297,2.51,2.51,0.0,0.21,1.23,1.5,0.0,21,16,121,1282,2865
8378563200,4/26/2016,3194,2.43,2.43,0.13,1.31,0.91,1.48,0.0,25,11,167,1237,3185
8378563200,4/27/2016,3272,2.49,2.49,0.03,0.27,0.47,1.3,0.0,26,12,145,1257,2984
8378563200,4/28/2016,2848,2.17,2.17,0.03,0.52,0.46,1.08,0.0,27,19,231,1163,2702
8378563200,4/29/2016,1721,1.31,1.31,0.52,0.16,0.24,0.53,0.0,19,12,160,1249,2653
8378563200,4/30/2016,1691,1.29,1.29,0.13,0.11,0.45,0.66,0.0,20,15,237,1168,2940
8378563200,5/1/2016,2100,1.6,1.6,0.04,0.08,0.42,0.98,0.0,26,12,240,1162,2525
8378563200,5/2/2016,4199,3.2,3.2,0.11,1.13,0.29,2.13,0.0,27,18,149,1246,2995
8378563200,5/3/2016,4252,3.24,3.24,0.18,0.26,1.31,1.09,0.0,27,13,247,1153,2776
8378563200,5/4/2016,4736,3.61,3.61,0.19,0.1,0.87,2.04,0.0,19,14,224,1183,2679
8378563200,5/5/2016,1268,0.97,0.97,0.17,0.07,0.38,0.54,0.0,17,13,116,1294,3082
8378563200,5/6/2016,6129,4.67,4.67,0.02,0.41,0.44,2.8,0.0,22,20,179,1219,2609
8378563200,5/7/2016,1629,1.24,1.24,0.16,0.28,0.38,0.61,0.0,14,15,150,1261,2582
8378563200,5/8/2016,2778,2.12,2.12,0.02,0.2,0.47,0.87,0.0,17,14,397,1012,2716
8378563200,5/9/2016,1047,0.8,0.8,0.02,0.08,0.08,0.6,0.0,23,8,241,1168,3114
8378563200,5/10/2016,1369,1.04,1.04,0.17,0.12,0.24,0.41,0.0,21,14,297,1108,2829
8378563200,5/11/2016,2137,1.63,1.63,0.01,0.24,0.5,0.86,0.0,21,23,187,1209,2625
8378563200,5/12/2016,2426,1.85,1.85,0.01,0.24,0.38,0.93,0.0,19,12,129,1280,2842
8792009665,4/12/2016,7071,5.39,5.39,0.02,0.83,0.76,3.0,0.0,14,9,243,1174,2761
8792009665,4/13/2016,7039,5.36,5.36,0.05,0.73,2.55,2.44,0.0,20,17,280,1123,3002
8792009665,4/14/2016,6411,4.89,4.89,0.1,0.89,1.48,2.43,0.0,25,17,143,1255,3082
8792009665,4/15/2016,6692,5.1,5.1,0.02,0.82,0.92,2.88,0.0,18,18,242,1162,2664
8792009665,4/16/2016,6846,5.22,5.22,0.1,1.31,1.32,1.7,0.0,23,23,92,1302,3027
8792009665,4/17/2016,4882,3.72,3.72,0.01,0.38,1.18,1.81,0.0,28,15,161,1236,3037
8792009665,4/18/2016,5767,4.39,4.39,0.12,1.07,1.28,2.42,0.0,33,21,223,1163,2891
8792009665,4/19/2016,6542,4.99,4.99,0.09,0.28,0.51,3.96,0.0,22,16,156,1246,3266
8792009665,4/20/2016,5856,4.46,4.46,0.01,0.51,1.23,2.82,0.0,25,17,230,1168,2844
8792009665,4/21/2016,5412,4.12,4.12,0.1,0.6,1.77,2.04,0.0,21,14,167,1238,2888
8792009665,4/22/2016,7827,5.96,5.96,0.07,0.12,2.63,3.35,0.0,19,16,287,1118,2790
8792009665,4/23/2016,3496,2.66,2.66,0.15,0.17,0.23,1.49,0.0,27,18,179,1216,2802
8792009665,4/24/2016,5198,3.96,3.96,0.01,0.7,1.93,2.72,0.0,23,11,138,1268,3031
8792009665,4/25/2016,6489,4.94,4.94,0.06,0.76,0.36,2.15,0.0,32,17,213,1178,3180
8792009665,4/26/2016,6587,5.02,5.02,0.08,1.45,1.21,1.91,0.0,15,12,246,1167,2815
8792009665,4/27/2016,6185,4.71,4.71,0.03,0.89,0.93,3.16,0.0,27,17,170,1226,3056
8792009665,4/28/2016,5350,4.08,4.08,0.05,0.72,0.47,2.06,0.0,18,13,148,1261,2879
8792009665,4/29/2016,6491,4.95,4.95,0.13,0.51,2.6,2.68,0.0,22,20,166,1232,2967
8792009665,4/30/2016,7441,5.67,5.67,0.12,0.55,1.13,2.19,0.0,18,19,204,1199,2999
8792009665,5/1/2016,6552,4.99,4.99,0.06,0.55,1.78,3.09,0.0,28,24,124,1264,3239
8792009665,5/2/2016,7000,5.33,5.33,0.07,0.95,0.59,1.4,0.0,28,13,260,1139,2987
8792009665,5/3/2016,8689,6.62,6.62,0.03,0.86,2.09,2.25,0.0,16,16,234,1174,3116
8792009665,5/4/2016,6837,5.21,5.21,0.21,0.23,0.72,1.91,0.0,27,10,364,1039,2744
8792009665,5/5/2016,7017,5.35,5.35,0.02,0.74,2.11,1.68,0.0,22,20,198,1200,2855
8792009665,5/6/2016,8276,6.31,6.31,0.03,0.87,0.74,3.44,0.0,21,18,162,1239,2812
8792009665,5/7/2016,6525,4.97,4.97,0.09,0.59,0.75,2.32,0.0,23,18,226,1173,2404
8792009665,5/8/2016,5304,4.04,4.04,0.11,0.09,1.44,1.54,0.0,20,13,226,1181,2787
8792009665,5/9/2016,7828,5.96,5.96,0.17,1.3,1.34,2.64,0.0,17,13,198,1212,2921
8792009665,5/10/2016,6806,5.19,5.19,0.36,0.78,0.35,2.4,0.0,23,20,134,1263,3588
8792009665,5/11/2016,9953,7.58,7.58,0.02,0.26,1.78,3.35,0.0,21,11,153,1255,3114
8792009665,5/12/2016,6136,4.68,4.68,0.11,0.15,1.06,2.98,0.0,27,18,188,1207,3287
